session_id,n_windows,n_flagged_windows,flag_window_ratio,flags_clustered,total_eye_away_sec,total_face_missing_sec,total_tab_switches,total_focus_loss,any_multi_face_detected,audio_voice_window_count,avg_head_pose_deviation_deg,score_drop_pct,label_cheating,split
FS00588,8,2,0.25,0,13.6,12.5,2,4,0,2,12.8,20.0,0,test
FS00384,8,2,0.25,0,16.5,2.4,4,2,0,1,20.5,11.8,0,test
FS00217,5,3,0.6,1,66.3,5.4,15,9,0,0,36.9,-3.2,1,train
FS00314,7,6,0.857,1,113.1,19.2,31,28,0,1,46.9,-21.0,1,val
FS01024,7,2,0.286,0,13.3,3.4,2,0,0,0,6.7,2.0,0,val
FS00198,6,5,0.833,1,92.5,21.0,28,16,0,0,24.7,-22.7,1,train
FS00259,6,6,1.0,1,107.3,23.2,30,22,1,2,15.0,-18.8,1,train
FS00106,7,5,0.714,0,92.0,25.5,26,19,0,1,20.5,-30.6,1,train
FS00971,9,3,0.333,1,20.2,8.7,2,1,0,0,19.7,-5.4,0,train
FS00526,7,2,0.286,0,10.0,14.0,0,1,0,1,12.0,3.0,0,train
FS00753,5,1,0.2,0,5.9,4.3,0,0,0,1,2.6,9.6,0,train
FS00013,10,7,0.7,1,117.8,24.9,43,26,0,2,26.2,-16.0,1,train
FS01174,6,2,0.333,0,8.0,9.8,0,0,0,0,15.5,19.5,0,val
FS00684,9,1,0.111,1,11.5,1.5,0,1,0,1,5.6,10.7,0,train
FS00695,5,1,0.2,0,6.1,7.5,0,0,0,1,16.1,2.3,0,train
FS00256,9,9,1.0,0,175.6,32.4,54,33,0,3,30.6,-35.0,1,train
FS00889,4,1,0.25,0,15.0,2.5,2,3,0,1,5.8,5.9,0,train
FS00272,9,9,1.0,0,169.1,38.0,48,34,1,3,33.5,-22.4,1,train
FS00512,8,2,0.25,0,14.6,12.4,2,1,0,1,8.5,1.5,0,val
FS00028,6,3,0.5,1,36.0,13.1,16,7,0,3,31.8,-9.9,1,test
FS00238,9,6,0.667,1,96.0,27.3,36,31,0,2,32.4,-12.1,1,test
FS00290,10,7,0.7,0,135.3,28.9,40,29,1,3,22.3,-4.4,1,test
FS00049,9,9,1.0,0,164.0,39.4,51,34,0,1,20.5,-14.7,1,train
FS00096,9,7,0.778,1,118.3,23.1,36,26,1,2,19.7,-14.1,1,train
FS01066,10,3,0.3,0,21.7,13.4,7,5,0,2,24.1,3.3,0,train
FS00692,5,1,0.2,0,14.4,11.3,4,3,0,0,8.1,0.8,0,test
FS00613,7,1,0.143,0,6.9,4.7,0,0,0,0,11.1,-1.9,0,test
FS00494,9,1,0.111,0,8.5,5.3,0,0,0,1,22.9,2.0,0,test
FS00184,7,7,1.0,1,130.1,34.2,40,24,1,0,25.5,-21.7,1,test
FS00487,8,2,0.25,0,11.0,9.7,1,4,0,0,7.5,-15.0,0,test
FS00699,4,1,0.25,1,1.4,2.4,0,1,0,1,15.4,10.4,0,train
FS00302,6,6,1.0,0,108.6,23.4,24,24,0,1,28.0,-27.8,1,train
FS00758,5,1,0.2,0,8.3,4.0,2,1,0,1,6.3,-12.5,0,train
FS00063,6,6,1.0,0,113.7,29.5,25,27,0,2,34.7,-27.7,1,train
FS00870,4,1,0.25,1,4.5,0.0,1,0,0,1,9.1,0.5,0,train
FS00426,9,2,0.222,0,7.5,2.7,1,1,0,1,14.4,-0.7,0,train
FS00035,6,4,0.667,1,74.8,16.3,21,31,0,2,19.0,-35.6,1,train
FS00895,6,2,0.333,0,3.6,6.7,3,4,0,0,13.2,5.4,0,train
FS00994,8,2,0.25,0,18.2,4.5,1,2,0,2,24.2,4.2,0,train
FS00336,10,9,0.9,1,149.9,38.5,46,34,0,3,27.7,-27.7,1,train
FS00617,4,1,0.25,0,2.0,8.1,0,0,0,1,10.7,9.6,0,val
FS00185,4,2,0.5,1,29.8,17.3,9,11,1,2,33.0,-25.5,1,test
FS00908,7,1,0.143,1,6.2,0.0,0,2,0,1,6.0,8.4,0,train
FS00086,5,4,0.8,1,73.7,13.8,23,15,1,1,21.1,-29.8,1,val
FS00794,7,1,0.143,0,7.3,1.6,0,2,0,0,7.9,-5.0,0,train
FS00451,7,1,0.143,1,0.7,5.1,2,0,0,1,10.5,-4.0,0,test
FS00594,10,3,0.3,0,19.0,9.5,5,1,1,2,19.9,3.8,0,train
FS00977,9,1,0.111,1,0.0,4.6,0,1,0,1,10.6,10.4,0,train
FS00501,9,3,0.333,0,15.2,8.7,6,1,0,1,21.4,-6.0,0,train
FS00239,9,6,0.667,1,115.3,22.4,31,37,1,2,20.9,-10.5,1,test
FS00240,9,7,0.778,1,113.1,28.8,40,23,1,0,26.9,-11.6,1,train
FS00456,4,1,0.25,0,8.5,3.8,2,0,0,0,24.6,-15.0,0,train
FS01036,8,2,0.25,0,7.8,0.0,0,3,0,1,14.3,-5.8,0,train
FS00036,8,7,0.875,1,130.2,25.1,34,36,1,3,27.2,-37.9,1,train
FS00464,7,1,0.143,0,0.9,9.8,1,0,0,1,22.0,6.6,0,train
FS00671,4,1,0.25,0,12.0,6.6,0,1,0,1,13.4,-8.5,0,train
FS00919,4,1,0.25,1,1.9,5.3,2,2,0,0,20.2,13.7,0,test
FS00165,9,8,0.889,1,147.0,34.0,41,33,0,0,33.3,-16.4,1,train
FS00267,6,3,0.5,1,48.9,9.0,26,14,0,1,41.6,-25.1,1,val
FS00275,7,4,0.571,1,73.4,13.9,19,16,1,0,16.4,-6.2,1,val
FS01161,10,3,0.3,0,18.6,21.4,2,3,1,2,4.1,-5.9,0,test
FS01092,6,1,0.167,0,0.0,6.4,3,0,0,0,3.4,-3.2,0,train
FS00519,8,2,0.25,1,6.9,10.7,3,1,0,2,21.6,-6.2,0,train
FS00026,10,7,0.7,1,115.8,31.6,41,22,1,3,40.8,-19.9,1,train
FS00902,4,1,0.25,0,4.5,6.1,1,1,1,0,15.9,1.4,0,train
FS00507,10,2,0.2,0,14.2,11.8,0,3,0,1,8.4,-4.0,0,train
FS00200,6,5,0.833,1,88.2,17.8,29,21,0,2,40.0,-34.2,1,val
FS00896,7,1,0.143,0,0.8,7.2,1,1,0,1,16.6,2.9,0,val
FS00622,7,1,0.143,0,9.4,2.8,0,1,0,0,12.7,4.9,0,train
FS00104,10,10,1.0,1,189.6,43.6,60,40,0,3,34.3,-12.7,1,train
FS00565,5,1,0.2,0,13.4,1.3,1,3,0,1,17.8,9.6,0,train
FS00163,7,5,0.714,1,96.0,18.6,28,20,0,0,41.7,-12.8,1,train
FS00506,7,1,0.143,0,9.4,3.8,0,1,0,1,7.2,-1.8,0,train
FS00370,7,4,0.571,1,81.2,16.9,25,16,0,0,47.2,-22.6,1,train
FS00920,8,2,0.25,1,16.4,5.2,1,2,0,2,24.2,4.8,0,train
FS00516,10,3,0.3,0,20.1,8.6,4,6,1,0,2.7,-13.8,0,train
FS00827,8,1,0.125,1,10.2,12.0,1,3,0,1,10.3,9.7,0,train
FS01115,4,1,0.25,0,4.8,2.0,4,0,0,1,16.8,10.7,0,train
FS00118,9,7,0.778,1,126.1,34.2,30,22,0,1,28.1,-6.3,1,train
FS00343,10,9,0.9,1,156.4,33.2,41,32,0,2,25.9,-17.4,1,train
FS00739,8,1,0.125,0,0.0,2.1,2,2,0,0,1.9,-3.6,0,train
FS00483,8,2,0.25,0,12.5,0.6,0,0,0,2,11.5,8.5,0,train
FS00954,10,3,0.3,0,12.1,10.3,0,2,0,2,18.4,3.3,0,val
FS00767,8,2,0.25,0,4.1,6.5,3,0,0,0,3.8,6.1,0,train
FS00469,5,1,0.2,0,4.5,4.2,0,1,0,1,14.6,5.7,0,train
FS00322,10,7,0.7,1,135.9,27.2,32,25,0,1,17.3,-12.4,1,train
FS00460,4,1,0.25,0,7.9,2.9,3,1,0,0,7.2,2.3,0,train
FS01156,4,1,0.25,0,0.0,5.7,2,1,1,1,8.8,12.6,0,train
FS00233,4,4,1.0,0,75.3,21.4,29,22,0,1,14.9,-19.9,1,test
FS00070,6,6,1.0,0,111.8,25.2,31,22,0,3,31.6,-22.0,1,test
FS00208,7,7,1.0,1,119.0,29.9,30,30,1,0,30.8,-7.4,1,train
FS00298,8,8,1.0,1,139.7,32.0,31,29,0,2,34.9,-14.7,1,train
FS00650,5,1,0.2,0,3.3,3.1,0,0,0,1,9.1,-2.7,0,test
FS00675,4,1,0.25,1,5.6,4.3,0,1,0,1,12.1,-5.1,0,train
FS00580,6,2,0.333,1,8.4,2.6,3,1,0,2,21.0,3.3,0,test
FS00871,10,3,0.3,0,16.3,7.6,3,5,0,0,8.8,0.0,0,train
FS00246,6,5,0.833,1,88.9,17.0,23,14,0,1,25.4,-14.9,1,train
FS01045,9,2,0.222,1,11.1,12.1,2,2,0,2,9.1,-1.0,0,train
FS00566,4,1,0.25,1,7.9,0.0,1,1,0,0,11.6,-0.0,0,val
FS00631,4,1,0.25,0,10.1,7.4,1,1,0,0,13.4,-9.3,0,train
FS00781,8,1,0.125,0,6.9,0.7,1,2,0,1,13.9,-2.7,0,train
FS00195,10,10,1.0,0,177.1,36.5,58,50,0,1,32.8,-24.4,1,train
FS00247,9,8,0.889,0,141.4,35.8,53,29,0,1,16.9,-23.4,1,train
FS00320,6,4,0.667,1,84.5,15.5,14,9,0,3,25.9,-6.7,1,train
FS00100,4,3,0.75,1,52.7,10.1,13,12,0,3,21.9,-30.0,1,train
FS00182,5,2,0.4,0,43.0,4.5,5,10,0,2,18.5,-11.1,1,test
FS00646,10,3,0.3,0,20.2,14.2,5,1,0,1,14.8,8.5,0,train
FS00567,5,1,0.2,1,5.7,1.8,0,3,0,0,4.9,-11.4,0,train
FS00260,4,1,0.25,1,29.9,4.1,5,3,0,0,43.5,-25.9,1,train
FS00835,4,1,0.25,0,9.3,0.6,1,0,0,0,11.4,-0.2,0,train
FS00196,4,2,0.5,1,44.2,6.9,9,3,0,1,21.5,-13.8,1,val
FS00517,5,1,0.2,0,7.1,4.4,0,1,0,0,26.2,-0.3,0,val
FS01040,8,1,0.125,0,11.0,4.5,1,0,0,1,16.5,4.0,0,train
FS00124,4,1,0.25,1,14.4,5.8,2,3,0,0,44.3,-24.0,1,train
FS00946,8,1,0.125,1,9.0,3.0,0,0,0,1,8.8,-1.7,0,train
FS00967,4,1,0.25,0,9.9,4.0,1,1,0,1,8.5,4.2,0,test
FS00473,4,1,0.25,1,9.5,0.0,1,0,0,1,16.3,5.1,0,train
FS00813,7,1,0.143,0,6.0,7.5,0,1,0,1,8.4,5.1,0,train
FS01071,6,2,0.333,0,11.9,5.4,3,4,0,1,15.5,-15.0,0,test
FS00573,7,2,0.286,1,10.8,3.1,2,2,0,2,13.5,-2.6,0,train
FS00536,4,1,0.25,1,7.8,3.3,1,1,0,1,21.4,-0.5,0,train
FS01021,9,1,0.111,0,0.5,1.9,2,0,0,1,11.0,4.4,0,train
FS00281,7,7,1.0,0,115.4,25.7,47,30,0,3,45.9,-17.0,1,train
FS00222,10,9,0.9,1,165.2,36.7,51,38,0,2,8.0,-33.6,1,train
FS00543,10,2,0.2,0,11.6,5.4,1,4,0,1,15.7,-1.2,0,test
FS00986,5,1,0.2,0,2.9,9.3,2,0,0,1,6.2,-0.2,0,train
FS01025,7,1,0.143,0,6.6,7.5,2,1,0,0,17.6,0.6,0,train
FS00953,6,2,0.333,0,2.9,8.7,4,4,0,2,19.0,5.9,0,train
FS00008,6,3,0.5,1,50.6,12.3,14,19,0,2,38.5,-12.1,1,train
FS01081,5,1,0.2,1,11.2,0.0,2,1,0,1,18.0,1.0,0,test
FS00400,4,1,0.25,0,11.6,4.9,1,1,0,0,3.1,-7.5,0,train
FS00853,8,1,0.125,0,6.5,0.0,2,1,0,0,18.1,-7.7,0,train
FS00687,9,2,0.222,1,12.0,6.1,4,1,0,0,16.7,7.8,0,train
FS00619,4,1,0.25,0,1.5,3.4,1,0,0,0,5.3,-5.8,0,train
FS01004,10,2,0.2,0,7.8,1.2,6,6,0,1,12.0,-15.0,0,train
FS00865,5,1,0.2,0,4.7,2.6,3,1,0,0,13.5,3.6,0,train
FS01072,6,1,0.167,1,1.7,11.2,1,0,0,1,23.7,-4.6,0,test
FS01041,8,1,0.125,0,6.7,3.0,1,2,0,0,8.1,-6.4,0,test
FS01139,4,1,0.25,0,7.5,6.1,0,3,0,0,15.0,-7.0,0,train
FS00368,6,6,1.0,1,115.2,22.1,33,17,0,2,31.2,-24.9,1,train
FS01056,5,1,0.2,0,13.6,0.0,0,0,0,0,9.7,5.0,0,train
FS00780,5,1,0.2,0,6.2,6.0,0,1,0,0,17.7,0.3,0,train
FS00750,9,1,0.111,1,10.6,0.8,1,1,1,0,0.0,16.0,0,train
FS01197,7,2,0.286,0,10.6,2.3,5,1,0,0,16.1,-0.6,0,test
FS00409,7,1,0.143,0,0.7,1.7,1,2,0,1,18.5,-5.2,0,test
FS00212,9,8,0.889,0,147.6,33.4,49,32,0,3,46.5,5.0,1,train
FS01120,5,1,0.2,0,10.9,1.7,0,0,0,0,10.1,-1.2,0,train
FS00381,7,2,0.286,0,5.5,10.7,1,4,0,2,19.2,10.8,0,train
FS01152,9,1,0.111,0,9.0,0.0,0,3,0,1,22.1,6.0,0,train
FS00572,5,1,0.2,0,2.5,0.4,0,0,0,1,16.2,1.6,0,train
FS00700,10,2,0.2,0,18.9,4.4,1,2,0,0,16.9,-0.3,0,train
FS00587,4,1,0.25,1,4.1,3.7,2,0,0,0,18.2,-2.8,0,train
FS00268,6,4,0.667,0,67.6,16.7,19,15,1,2,27.2,-31.8,1,val
FS00839,6,2,0.333,0,13.7,3.0,3,0,0,2,12.9,-3.0,0,train
FS00324,7,6,0.857,0,111.6,22.7,35,27,0,3,13.1,-17.0,1,val
FS00207,5,4,0.8,1,74.8,15.2,22,23,0,3,32.2,-33.3,1,train
FS01034,10,1,0.1,0,9.1,3.2,1,1,0,0,22.7,-9.7,0,train
FS00579,4,1,0.25,1,8.9,5.7,1,0,0,0,19.8,11.8,0,test
FS00974,8,2,0.25,0,7.0,10.3,2,3,0,1,8.6,-5.4,0,train
FS00691,7,2,0.286,1,12.8,6.6,4,4,0,0,18.2,0.7,0,train
FS00353,8,6,0.75,1,121.9,22.6,39,28,1,2,17.4,-12.7,1,test
FS00658,4,1,0.25,0,5.9,5.7,1,0,0,1,16.2,-4.9,0,train
FS00686,10,3,0.3,0,21.8,9.4,3,4,0,1,14.9,12.4,0,train
FS00152,8,7,0.875,1,125.1,28.6,36,24,0,2,34.6,-15.9,1,train
FS01178,9,2,0.222,0,17.9,1.7,3,2,0,1,14.2,8.4,0,train
FS00911,9,1,0.111,0,6.6,2.3,1,1,0,0,7.0,-1.2,0,test
FS00963,6,2,0.333,0,13.8,7.6,4,2,0,2,13.4,3.6,0,train
FS00624,5,1,0.2,0,4.4,2.6,2,1,0,1,7.2,10.9,0,test
FS00236,6,5,0.833,0,98.5,19.3,41,30,0,1,25.3,-19.2,1,train
FS01199,8,2,0.25,0,12.9,6.6,2,1,0,1,6.7,13.2,0,train
FS01047,8,1,0.125,0,7.2,3.6,0,0,0,1,11.9,3.2,0,train
FS00547,6,2,0.333,0,9.0,4.8,1,0,0,2,25.9,15.7,0,test
FS01059,10,3,0.3,0,19.1,11.6,4,3,0,0,8.9,-4.8,0,train
FS00018,10,9,0.9,0,163.8,34.0,50,43,1,2,50.0,-19.5,1,test
FS00089,8,6,0.75,1,119.6,27.1,36,28,1,1,32.2,-23.1,1,train
FS00265,7,7,1.0,1,129.8,28.3,47,24,0,1,43.7,-4.7,1,train
FS00087,6,3,0.5,1,70.7,16.1,18,13,0,1,25.2,-21.4,1,val
FS01148,6,2,0.333,0,9.6,11.4,1,1,0,1,26.8,-3.4,0,train
FS00947,9,2,0.222,0,9.8,10.0,3,0,0,0,13.6,2.9,0,train
FS00801,8,2,0.25,0,10.7,8.1,6,4,0,1,5.8,-5.2,0,train
FS00778,9,1,0.111,1,10.5,4.0,1,1,0,0,17.9,8.5,0,train
FS00815,4,1,0.25,0,5.2,6.1,0,0,0,0,19.3,-9.3,0,train
FS00288,7,5,0.714,1,85.0,22.1,24,18,0,2,22.8,-18.1,1,train
FS00115,4,4,1.0,1,76.3,17.1,16,15,0,3,32.4,-4.9,1,test
FS00215,4,2,0.5,1,33.0,9.9,13,6,0,2,21.7,-14.8,1,test
FS00763,7,1,0.143,0,5.4,8.1,1,1,0,0,9.4,12.0,0,train
FS00021,6,6,1.0,1,117.5,20.5,25,27,0,1,49.4,-18.0,1,val
FS00348,5,3,0.6,1,43.8,12.4,14,12,0,0,39.2,-19.6,1,train
FS00047,9,6,0.667,1,125.1,22.9,34,16,0,2,33.7,-17.7,1,test
FS00927,7,2,0.286,1,16.7,8.9,1,0,0,2,10.3,-5.9,0,val
FS00649,10,2,0.2,1,14.5,5.7,2,0,1,0,20.2,10.8,0,val
FS00600,10,1,0.1,0,8.8,8.7,0,2,0,1,7.4,-2.1,0,train
FS00904,9,2,0.222,1,20.4,8.9,2,1,0,0,15.2,6.2,0,train
FS00786,5,1,0.2,1,2.7,4.9,1,3,0,1,21.5,1.4,0,train
FS00332,10,10,1.0,1,182.6,37.3,57,38,1,0,19.6,-23.2,1,test
FS00520,6,1,0.167,0,2.6,2.9,1,0,0,0,20.5,6.6,0,val
FS01073,9,2,0.222,0,5.5,1.0,1,2,0,2,21.9,7.0,0,train
FS00698,6,1,0.167,0,4.7,8.6,3,1,0,0,23.1,-10.1,0,test
FS01076,8,2,0.25,0,12.5,8.6,1,2,0,1,14.0,2.7,0,test
FS00170,6,4,0.667,1,82.6,17.1,26,13,1,3,31.4,-10.2,1,train
FS00842,5,1,0.2,0,5.4,3.7,2,0,0,0,11.7,-3.2,0,val
FS01146,6,2,0.333,0,14.0,7.4,5,1,0,2,0.0,10.1,0,train
FS00135,7,5,0.714,1,94.4,18.2,32,31,1,3,26.5,-8.9,1,train
FS00706,9,3,0.333,0,17.5,9.7,7,5,0,1,19.9,19.0,0,train
FS00814,4,1,0.25,0,3.9,6.1,0,1,0,0,13.8,-7.2,0,test
FS00490,10,2,0.2,0,6.6,7.6,3,3,0,2,5.8,3.0,0,train
FS01091,4,1,0.25,0,5.5,4.6,0,0,1,0,17.0,12.8,0,test
FS01155,7,1,0.143,0,8.2,7.9,1,1,0,1,11.2,4.7,0,test
FS00085,7,7,1.0,1,122.1,31.3,39,25,1,3,12.0,-19.0,1,test
FS00492,9,3,0.333,0,15.9,14.2,3,4,0,1,11.5,-3.1,0,train
FS00455,6,2,0.333,0,8.6,4.9,2,1,1,0,18.0,1.6,0,train
FS01179,4,1,0.25,0,4.7,2.9,1,1,0,0,19.8,11.4,0,val
FS00672,6,2,0.333,0,6.8,4.3,4,1,0,1,12.6,-7.4,0,test
FS00521,6,1,0.167,0,7.7,7.7,1,1,0,1,17.1,3.6,0,train
FS00171,4,4,1.0,1,48.2,13.0,18,12,1,0,35.9,-8.9,1,train
FS00187,10,8,0.8,0,135.8,28.9,49,32,1,1,29.6,-18.6,1,val
FS00390,7,2,0.286,0,14.1,4.1,5,2,0,0,13.5,-8.5,0,train
FS00045,6,6,1.0,1,105.3,27.5,45,21,0,1,23.1,-24.2,1,val
FS00073,7,7,1.0,1,118.4,27.4,32,19,1,1,26.7,-5.9,1,val
FS00803,5,1,0.2,1,3.7,3.5,3,0,0,1,18.0,-9.4,0,test
FS00398,6,2,0.333,0,13.0,9.3,1,5,0,2,7.3,3.7,0,train
FS00218,6,6,1.0,1,99.3,21.2,32,23,0,3,26.5,-12.4,1,val
FS00929,4,1,0.25,0,14.4,0.0,2,1,0,0,15.2,-6.2,0,train
FS00555,9,2,0.222,0,15.5,5.2,2,4,0,0,25.2,-2.2,0,train
FS00350,5,3,0.6,1,62.6,8.0,17,14,1,2,34.2,-19.6,1,train
FS01127,10,2,0.2,1,7.4,7.6,3,2,0,1,14.8,14.6,0,val
FS00392,7,1,0.143,0,6.0,5.0,0,2,0,0,18.9,7.6,0,train
FS00355,7,6,0.857,1,107.4,25.6,30,28,1,0,41.3,-24.2,1,test
FS00145,8,6,0.75,1,109.2,23.7,29,24,0,0,28.1,-21.4,1,train
FS00811,4,1,0.25,1,16.3,1.7,7,1,0,0,18.5,2.7,0,test
FS00605,10,1,0.1,0,5.9,1.3,1,0,0,0,15.9,1.6,0,val
FS01043,8,1,0.125,0,7.7,3.5,3,2,0,0,6.4,11.6,0,train
FS00598,10,3,0.3,0,24.1,7.5,4,1,0,0,20.2,-11.2,0,test
FS00504,7,2,0.286,0,11.8,7.6,4,3,0,1,16.7,-1.9,0,test
FS00134,6,6,1.0,1,104.4,26.4,35,23,0,0,34.7,-4.2,1,train
FS01193,8,1,0.125,0,2.6,0.0,0,1,1,0,22.2,-6.6,0,test
FS00851,7,2,0.286,0,13.4,3.8,0,2,0,2,13.8,-9.5,0,train
FS01018,4,1,0.25,0,11.6,3.1,0,2,0,0,15.5,-7.3,0,train
FS00160,6,5,0.833,1,93.6,23.3,43,16,0,1,32.7,-26.9,1,train
FS00553,6,2,0.333,0,4.9,11.2,3,2,0,0,21.9,2.9,0,train
FS00914,9,2,0.222,1,9.9,8.9,4,1,0,1,6.3,7.9,0,train
FS00351,9,6,0.667,1,112.5,21.9,48,22,0,2,46.3,-24.6,1,test
FS00301,8,5,0.625,1,103.4,21.8,29,20,1,2,22.3,-33.7,1,train
FS01131,6,2,0.333,1,10.8,11.0,1,1,0,1,9.1,-0.2,0,test
FS00475,5,1,0.2,0,13.7,6.6,2,1,0,1,18.8,-10.2,0,val
FS00074,4,3,0.75,1,45.9,9.3,14,11,1,0,34.1,-31.4,1,train
FS00328,5,2,0.4,0,45.8,3.1,14,3,0,2,21.4,-13.8,1,train
FS00313,10,8,0.8,1,152.5,39.5,47,39,1,3,31.6,-26.0,1,train
FS01140,6,1,0.167,0,3.0,2.3,2,2,0,1,17.7,-1.9,0,train
FS00712,8,2,0.25,0,12.6,6.5,3,1,0,0,29.0,-3.8,0,val
FS00337,9,9,1.0,1,152.9,31.5,50,39,0,3,25.5,-11.2,1,train
FS00662,6,1,0.167,0,6.3,4.3,1,0,0,1,11.0,-1.6,0,train
FS00513,7,2,0.286,0,9.0,10.1,1,0,0,2,16.3,-10.7,0,test
FS00551,5,1,0.2,0,9.7,2.8,0,0,0,0,8.0,-2.6,0,val
FS00262,8,5,0.625,1,104.5,17.8,32,14,0,0,36.5,-3.7,1,train
FS00930,10,1,0.1,0,0.0,7.1,2,2,0,0,10.6,15.8,0,test
FS00209,8,6,0.75,0,111.4,26.2,40,22,0,2,19.4,-14.7,1,train
FS00430,5,1,0.2,0,4.3,3.1,0,0,0,1,18.6,-3.5,0,test
FS00092,5,5,1.0,1,108.1,13.3,29,23,1,2,30.3,-19.6,1,train
FS00363,5,4,0.8,1,63.1,14.5,20,16,0,1,24.3,-13.6,1,val
FS01079,4,1,0.25,1,1.1,5.6,1,1,0,1,11.5,-4.8,0,train
FS00193,5,5,1.0,1,81.3,19.1,28,25,0,3,25.6,-17.9,1,train
FS00604,9,1,0.111,0,7.9,1.6,1,0,0,1,20.4,10.4,0,test
FS00532,5,1,0.2,0,6.0,4.0,4,0,0,1,8.4,-0.6,0,train
FS00998,4,1,0.25,0,5.4,4.7,2,3,0,0,11.5,14.9,0,train
FS00625,4,1,0.25,0,5.3,0.6,1,1,0,0,15.7,6.8,0,test
FS00538,6,1,0.167,0,6.4,3.5,1,2,1,1,19.4,3.7,0,train
FS00571,10,2,0.2,1,15.5,10.0,1,0,0,0,4.6,-7.3,0,train
FS00480,6,2,0.333,0,9.1,6.9,4,3,1,0,20.3,-13.3,0,train
FS00369,10,8,0.8,1,140.1,26.2,53,28,0,1,28.4,-26.0,1,val
FS00497,6,1,0.167,1,2.5,0.0,0,1,0,0,17.5,4.6,0,test
FS00643,4,1,0.25,0,3.9,2.6,2,0,0,1,11.5,-2.0,0,train
FS00027,8,6,0.75,0,114.6,21.2,33,24,1,3,26.2,-18.2,1,val
FS00439,10,1,0.1,1,9.9,2.4,2,1,0,1,21.2,0.1,0,train
FS00873,9,3,0.333,0,15.5,14.2,2,2,0,1,16.5,5.8,0,train
FS00308,4,4,1.0,1,75.1,17.9,22,19,1,0,44.9,-28.5,1,train
FS01191,6,1,0.167,1,10.4,4.9,2,1,0,1,15.2,-12.2,0,train
FS01100,4,1,0.25,0,10.4,4.9,3,4,0,1,15.2,5.1,0,val
FS00329,4,4,1.0,0,60.3,23.5,25,13,1,2,39.1,-15.5,1,test
FS00599,5,1,0.2,0,0.0,8.4,4,3,0,1,19.2,-3.9,0,train
FS00518,7,1,0.143,0,10.6,4.4,3,0,0,0,14.9,-3.0,0,train
FS00316,10,7,0.7,1,114.1,25.0,41,24,1,3,12.9,-32.7,1,train
FS00289,7,4,0.571,1,79.1,15.8,12,10,1,0,19.3,-10.6,1,train
FS00461,5,1,0.2,0,5.0,1.0,1,1,0,1,19.5,12.3,0,train
FS00570,8,2,0.25,1,17.2,8.5,5,2,0,2,21.5,13.1,0,train
FS00157,9,8,0.889,0,140.9,27.9,65,37,1,3,18.3,-23.1,1,val
FS00174,4,4,1.0,1,79.4,14.8,18,16,1,2,29.6,-11.8,1,train
FS01158,5,1,0.2,0,4.1,7.7,0,0,0,0,0.3,8.6,0,train
FS01012,7,2,0.286,0,19.3,6.6,4,1,0,2,8.1,-2.1,0,train
FS00292,7,6,0.857,1,111.3,23.2,36,23,0,3,30.5,-27.7,1,train
FS00957,4,1,0.25,0,4.6,4.8,0,3,0,1,7.3,16.7,0,test
FS00664,5,1,0.2,0,6.9,4.2,0,1,0,0,11.6,-0.3,0,train
FS00361,6,4,0.667,1,69.9,12.3,29,15,0,0,35.8,-15.1,1,train
FS01002,10,3,0.3,0,25.7,9.3,2,2,0,1,20.2,-14.1,0,train
FS00126,5,3,0.6,1,52.9,11.1,14,12,1,2,33.7,-19.1,1,train
FS00189,4,4,1.0,1,78.4,18.5,24,18,0,2,28.7,-18.6,1,train
FS01017,8,2,0.25,0,14.7,5.8,5,0,0,2,16.8,1.9,0,train
FS00241,10,9,0.9,0,163.0,36.2,44,31,0,1,48.1,-5.3,1,test
FS00054,4,3,0.75,1,60.1,14.6,16,15,1,1,27.3,-18.3,1,test
FS01080,7,1,0.143,1,2.1,5.0,1,0,0,0,9.4,3.7,0,train
FS00122,9,8,0.889,1,146.7,34.6,45,34,1,1,22.7,-2.4,1,train
FS01198,7,2,0.286,0,11.9,3.9,0,1,0,2,14.6,3.2,0,train
FS00795,8,2,0.25,0,16.5,4.9,0,2,0,0,11.5,-5.9,0,val
FS00816,8,2,0.25,0,12.6,12.5,2,2,1,0,9.7,-2.3,0,train
FS00868,6,1,0.167,0,4.4,4.9,0,0,0,0,19.5,-9.4,0,train
FS00735,4,1,0.25,0,4.0,8.6,0,0,0,1,9.8,-0.2,0,test
FS00528,8,2,0.25,0,13.7,11.5,3,2,0,0,18.8,8.1,0,test
FS00221,10,9,0.9,1,165.1,37.2,53,38,0,2,10.2,-19.3,1,train
FS00081,9,7,0.778,1,119.8,27.5,40,26,0,3,25.4,-22.5,1,train
FS00082,6,5,0.833,1,89.8,22.9,26,22,0,3,26.0,-19.3,1,train
FS00062,7,7,1.0,1,125.0,29.4,32,24,0,2,28.0,-17.2,1,val
FS00459,4,1,0.25,1,3.7,4.4,1,0,0,1,18.7,14.6,0,test
FS00608,7,1,0.143,0,0.0,1.6,1,0,0,0,14.4,-6.3,0,test
FS00448,4,1,0.25,0,0.0,1.2,2,2,0,0,17.7,-4.5,0,test
FS00149,10,8,0.8,0,143.5,31.5,41,37,0,0,33.7,-25.6,1,train
FS00790,4,1,0.25,0,10.1,5.7,1,0,0,0,7.5,14.5,0,train
FS00175,7,4,0.571,1,58.0,8.9,24,19,1,0,35.2,-15.7,1,train
FS01037,4,1,0.25,0,7.0,5.5,1,0,0,1,25.2,1.6,0,train
FS01058,10,3,0.3,0,15.6,5.4,9,2,1,2,24.3,-0.3,0,val
FS01099,8,1,0.125,0,7.8,7.9,1,1,0,1,16.2,6.6,0,val
FS00773,5,1,0.2,1,7.4,6.7,3,1,0,0,17.0,7.7,0,val
FS00697,4,1,0.25,0,5.9,8.2,1,2,0,0,6.7,14.1,0,train
FS00295,4,4,1.0,1,65.5,12.0,18,10,1,0,32.3,-20.6,1,train
FS01098,6,1,0.167,0,7.0,5.1,2,1,1,0,18.6,-15.0,0,train
FS00190,8,8,1.0,1,141.6,31.9,30,32,0,3,26.6,-22.4,1,test
FS00559,7,2,0.286,0,6.4,5.1,3,3,0,2,1.5,8.7,0,val
FS00417,9,1,0.111,0,5.4,0.0,0,1,0,0,21.1,3.3,0,val
FS00357,10,10,1.0,1,183.0,40.4,59,35,0,3,42.1,-22.3,1,val
FS00539,5,1,0.2,0,10.6,0.9,2,1,0,0,21.3,2.5,0,train
FS00271,8,6,0.75,1,104.1,27.1,36,28,0,1,41.7,-30.8,1,train
FS00131,8,8,1.0,0,156.0,31.0,50,31,1,2,19.4,-8.3,1,test
FS00080,5,5,1.0,1,86.6,18.2,23,21,1,2,46.5,-14.6,1,test
FS00383,5,1,0.2,0,5.2,4.0,2,2,0,1,2.3,-7.9,0,train
FS00951,4,1,0.25,1,7.6,1.0,0,0,0,1,12.4,5.2,0,test
FS00746,6,2,0.333,0,14.6,8.4,2,0,0,1,16.1,5.2,0,test
FS00095,8,5,0.625,1,93.3,18.0,21,28,0,2,31.6,-6.6,1,train
FS00768,4,1,0.25,1,1.6,6.1,1,0,0,0,10.7,1.9,0,train
FS00468,4,1,0.25,1,12.8,0.0,3,2,0,1,21.0,-8.9,0,train
FS00425,10,2,0.2,0,5.9,4.2,6,3,0,0,24.7,12.9,0,train
FS00457,9,3,0.333,0,29.3,12.9,4,3,0,1,15.9,4.3,0,train
FS00840,6,2,0.333,0,10.3,8.9,0,0,0,2,20.3,-8.0,0,train
FS01137,10,3,0.3,1,13.4,8.5,8,6,0,0,25.7,-5.0,0,train
FS00916,5,1,0.2,0,6.8,3.6,1,2,0,1,9.3,4.0,0,test
FS00472,7,2,0.286,0,11.8,5.0,4,1,0,1,10.0,-6.8,0,train
FS00119,7,7,1.0,0,127.4,30.7,37,34,0,3,13.0,-19.1,1,train
FS01054,6,2,0.333,1,14.2,4.7,5,0,0,2,19.2,0.1,0,train
FS00373,10,2,0.2,0,8.7,11.8,1,1,0,0,2.3,1.6,0,train
FS00407,8,2,0.25,0,11.8,5.8,3,1,0,2,9.9,8.3,0,train
FS00807,9,1,0.111,0,2.9,4.4,1,1,0,0,18.2,-8.0,0,test
FS00634,5,1,0.2,0,0.0,3.4,2,1,0,1,7.6,6.1,0,train
FS00374,8,1,0.125,0,7.8,5.9,1,0,0,1,10.8,-6.7,0,train
FS00342,5,2,0.4,1,27.1,6.5,13,6,0,1,16.4,2.5,1,train
FS00880,7,1,0.143,0,0.0,4.3,1,0,0,0,12.6,-7.4,0,test
FS00802,10,2,0.2,1,14.8,3.9,3,2,1,2,21.3,1.1,0,test
FS00596,4,1,0.25,0,10.1,2.7,1,4,0,1,8.5,-13.5,0,train
FS00022,5,3,0.6,1,49.3,10.8,17,12,0,3,26.6,-20.1,1,val
FS01142,5,1,0.2,0,1.7,4.8,0,1,0,1,16.6,3.2,0,test
FS00591,7,1,0.143,0,0.1,4.2,2,0,0,0,22.8,0.1,0,train
FS00668,4,1,0.25,0,7.7,2.2,0,1,0,1,0.0,3.4,0,train
FS00202,6,5,0.833,1,80.2,26.0,17,14,1,0,17.3,-25.5,1,train
FS00563,5,1,0.2,0,8.2,3.6,3,0,0,0,15.5,-3.4,0,train
FS00981,4,1,0.25,0,7.5,3.3,1,1,1,0,16.5,8.9,0,train
FS01094,10,1,0.1,1,7.9,9.2,2,0,0,1,13.2,-3.0,0,val
FS00284,6,6,1.0,0,103.5,24.7,34,21,1,3,17.9,-20.7,1,train
FS00250,9,8,0.889,1,142.1,27.2,43,33,1,3,33.5,-6.5,1,test
FS00933,9,2,0.222,1,8.7,6.4,2,2,1,1,24.8,9.2,0,train
FS00016,8,7,0.875,1,137.2,34.7,40,23,1,3,27.2,-25.0,1,train
FS00741,8,2,0.25,0,9.4,10.1,0,3,0,0,13.8,-2.9,0,train
FS00751,6,2,0.333,0,12.0,6.7,5,0,1,0,22.5,-7.0,0,train
FS00800,9,3,0.333,0,20.0,15.0,1,3,0,1,9.8,14.5,0,val
FS01168,7,2,0.286,0,10.3,10.8,5,2,0,1,16.2,5.1,0,val
FS00411,8,1,0.125,0,0.6,4.3,1,0,0,0,9.2,-0.3,0,train
FS00375,4,1,0.25,0,6.5,2.8,2,1,0,1,12.6,6.2,0,test
FS00745,4,1,0.25,0,14.9,0.7,1,0,0,1,21.4,-0.4,0,train
FS01074,4,1,0.25,1,0.5,3.9,2,0,1,1,22.6,10.5,0,train
FS00775,10,2,0.2,0,10.6,6.0,2,4,0,1,12.1,-15.0,0,train
FS00305,10,7,0.7,1,119.9,29.9,34,22,1,1,39.9,-8.1,1,train
FS00938,10,3,0.3,0,15.2,13.5,0,3,0,0,17.5,2.9,0,train
FS00031,9,8,0.889,1,136.5,30.5,48,29,0,0,37.5,-23.9,1,train
FS00585,6,2,0.333,1,13.5,5.6,2,3,0,1,19.9,-8.1,0,test
FS00088,5,4,0.8,1,73.2,13.5,19,17,1,3,26.8,-10.4,1,test
FS00666,5,1,0.2,0,0.0,4.7,1,3,0,1,25.6,6.2,0,train
FS00015,10,10,1.0,1,184.4,29.2,39,35,1,2,16.9,-22.6,1,val
FS00701,5,1,0.2,0,4.4,0.0,1,0,0,0,20.0,5.6,0,train
FS00879,4,1,0.25,0,4.2,6.0,2,3,0,0,17.3,-7.8,0,val
FS00285,10,8,0.8,1,131.8,32.8,47,36,0,3,23.4,-15.0,1,test
FS00644,8,1,0.125,0,9.1,0.0,0,2,1,1,18.0,0.3,0,train
FS00388,9,3,0.333,1,19.1,11.9,0,2,0,2,0.0,1.3,0,train
FS00491,8,1,0.125,1,3.6,11.0,2,1,0,0,13.6,4.3,0,test
FS00756,9,2,0.222,0,3.5,9.6,1,1,0,2,6.0,-10.6,0,train
FS00952,10,1,0.1,0,7.6,5.6,2,1,0,1,11.2,-1.7,0,train
FS00709,7,1,0.143,0,3.5,1.3,1,1,0,1,23.9,-7.8,0,train
FS00892,6,2,0.333,0,10.4,9.2,3,1,0,2,7.3,6.2,0,train
FS00371,4,3,0.75,1,48.1,11.4,20,16,1,0,35.3,-23.2,1,train
FS00482,10,3,0.3,0,11.4,15.1,4,2,0,1,11.8,5.9,0,test
FS00941,5,1,0.2,1,5.1,3.2,2,2,0,1,10.3,3.4,0,test
FS00442,7,2,0.286,0,13.5,2.0,0,0,0,0,10.8,10.3,0,val
FS00688,8,2,0.25,0,18.6,10.7,3,0,0,0,19.6,-4.7,0,train
FS00283,4,1,0.25,1,20.4,3.9,3,3,0,0,26.1,-24.5,1,train
FS00766,8,2,0.25,0,8.7,10.6,2,1,0,1,11.9,-7.6,0,train
FS01050,10,3,0.3,0,25.6,13.0,5,3,0,2,9.6,-8.3,0,train
FS00229,8,7,0.875,0,133.3,25.7,52,30,1,2,16.8,-18.5,1,val
FS01190,9,3,0.333,0,19.6,9.2,7,1,0,0,12.9,4.3,0,test
FS00601,4,1,0.25,0,9.0,3.0,0,2,0,0,20.0,10.2,0,train
FS00847,10,1,0.1,0,12.8,0.0,1,2,0,0,27.1,8.6,0,test
FS00402,9,1,0.111,1,5.0,4.9,3,2,0,0,10.4,-11.2,0,train
FS00817,7,2,0.286,0,9.7,4.9,2,1,0,2,16.5,5.3,0,test
FS00757,6,1,0.167,0,9.2,1.2,0,0,0,1,20.5,-5.6,0,train
FS00730,6,2,0.333,0,17.2,9.6,3,0,0,2,10.9,-11.7,0,train
FS00609,9,3,0.333,0,17.2,9.9,7,3,0,0,14.6,10.4,0,train
FS00234,7,7,1.0,1,124.1,31.1,34,30,0,3,47.6,-30.3,1,test
FS00862,7,2,0.286,0,4.8,4.9,4,1,1,0,18.3,3.7,0,test
FS00219,7,6,0.857,0,109.5,23.8,38,19,0,1,41.2,-3.2,1,train
FS01000,5,1,0.2,0,3.6,2.5,1,0,0,1,22.7,-7.6,0,val
FS00798,4,1,0.25,1,0.0,8.5,1,2,0,1,14.2,7.4,0,train
FS01187,9,2,0.222,0,8.9,3.5,7,1,0,1,18.0,7.7,0,test
FS00665,8,1,0.125,0,6.9,1.9,3,1,0,0,7.7,-1.5,0,train
FS00317,9,9,1.0,1,161.0,37.6,43,37,0,1,21.7,-36.1,1,train
FS00779,8,1,0.125,0,2.4,3.7,1,1,0,0,26.3,-2.5,0,train
FS00961,10,3,0.3,0,17.3,5.4,1,4,0,1,17.9,-3.3,0,train
FS01053,6,1,0.167,0,10.4,1.8,3,0,0,1,9.2,-7.6,0,test
FS00424,10,1,0.1,0,9.2,8.1,2,2,0,0,15.8,0.9,0,test
FS00478,6,2,0.333,0,16.7,12.6,2,2,0,2,24.9,-1.0,0,test
FS00581,6,1,0.167,0,3.8,4.1,1,0,0,0,11.8,-6.5,0,val
FS00702,6,1,0.167,1,5.6,0.0,0,2,0,1,22.9,-9.6,0,train
FS00883,8,1,0.125,1,7.6,2.8,1,1,0,0,11.5,12.4,0,train
FS00499,7,1,0.143,0,6.2,0.0,1,1,0,0,14.4,-5.4,0,train
FS00647,10,2,0.2,0,13.3,8.7,2,1,0,0,19.1,7.7,0,train
FS00278,4,2,0.5,1,39.7,6.6,17,8,0,2,36.2,-30.6,1,train
FS00269,4,4,1.0,1,70.5,19.6,23,27,1,3,32.0,-9.4,1,train
FS00181,10,10,1.0,1,169.5,45.2,74,41,0,3,17.6,-38.4,1,test
FS00325,9,6,0.667,1,87.1,22.8,32,25,0,2,22.1,-19.2,1,train
FS01189,7,1,0.143,0,8.5,6.9,1,1,0,0,14.9,10.8,0,train
FS00514,8,1,0.125,0,7.7,3.0,0,0,0,0,22.1,-4.1,0,train
FS00358,7,6,0.857,1,112.4,22.3,41,22,0,1,21.1,-20.4,1,train
FS00486,5,1,0.2,0,8.4,0.0,0,1,0,1,12.6,-10.3,0,train
FS00910,5,1,0.2,1,9.1,0.0,2,0,0,1,18.4,-2.3,0,train
FS00445,10,3,0.3,0,24.2,10.5,10,4,0,0,27.0,-4.8,0,train
FS00924,6,2,0.333,0,11.7,9.1,3,2,0,2,12.3,1.8,0,train
FS00228,8,5,0.625,1,88.7,15.7,24,18,1,0,17.9,-37.6,1,train
FS00762,7,2,0.286,0,23.4,8.0,1,1,0,1,22.4,15.1,0,train
FS01181,10,2,0.2,1,16.7,6.0,5,3,0,2,12.1,8.0,0,train
FS00059,6,5,0.833,1,80.6,21.1,19,25,1,2,28.7,-5.4,1,train
FS00005,8,5,0.625,1,86.8,20.6,25,22,0,0,35.1,-6.5,1,train
FS00912,5,1,0.2,0,1.7,0.0,0,0,0,1,23.5,8.8,0,train
FS00449,9,3,0.333,1,18.5,10.9,1,0,0,1,21.1,-7.1,0,val
FS01186,4,1,0.25,0,8.3,9.2,0,1,0,1,12.9,3.8,0,val
FS00450,9,3,0.333,0,23.7,11.6,3,2,0,0,14.1,-10.5,0,test
FS00752,5,1,0.2,0,5.0,2.5,1,2,0,1,13.8,11.9,0,val
FS01001,8,1,0.125,0,11.1,2.4,0,1,0,0,23.0,1.6,0,train
FS00429,10,1,0.1,0,1.5,0.0,1,3,0,0,8.5,-1.8,0,train
FS00474,7,2,0.286,0,11.4,5.3,1,1,0,2,5.7,-13.6,0,train
FS00443,10,2,0.2,0,9.2,4.4,0,5,0,1,20.1,-2.1,0,train
FS00901,9,3,0.333,0,19.2,15.0,2,3,0,1,9.8,6.1,0,val
FS01145,8,1,0.125,0,10.5,5.9,1,1,0,0,10.5,-2.8,0,train
FS00064,7,4,0.571,0,71.7,12.1,29,11,0,2,27.8,-31.6,1,train
FS01085,6,2,0.333,0,13.5,4.8,1,4,0,0,10.2,12.4,0,val
FS00999,10,1,0.1,0,1.0,1.3,1,1,0,0,15.4,2.3,0,train
FS00728,9,3,0.333,0,13.5,9.5,5,6,0,0,23.3,-10.0,0,test
FS00552,8,1,0.125,0,0.0,4.4,1,0,0,0,17.8,12.3,0,train
FS00771,9,3,0.333,0,19.7,10.6,3,2,0,1,6.0,-3.4,0,train
FS01032,6,1,0.167,0,9.5,0.6,1,1,0,0,14.0,1.5,0,test
FS00950,9,1,0.111,0,7.8,5.1,2,2,0,0,17.2,1.6,0,train
FS00841,5,1,0.2,0,3.5,2.8,1,0,0,1,1.6,2.6,0,train
FS00906,8,1,0.125,1,7.5,0.4,1,1,0,1,14.3,12.0,0,train
FS00128,9,6,0.667,0,107.8,19.2,34,24,0,1,16.8,-16.3,1,train
FS00707,9,2,0.222,1,14.8,5.3,1,3,0,0,17.9,-5.4,0,train
FS01117,9,2,0.222,0,12.2,5.5,4,1,0,0,8.9,-8.4,0,train
FS00253,9,9,1.0,0,162.2,31.7,51,38,0,1,25.8,-29.7,1,test
FS00130,8,6,0.75,1,111.8,19.8,39,25,0,2,12.3,-9.5,1,test
FS00509,10,2,0.2,0,13.0,7.1,5,3,0,0,4.5,-2.7,0,train
FS00051,8,6,0.75,1,112.7,22.2,26,21,1,2,32.6,-14.5,1,train
FS00129,8,7,0.875,1,121.1,33.3,26,29,0,1,38.0,-9.7,1,train
FS00651,5,1,0.2,0,12.3,4.4,1,1,0,1,14.3,-14.8,0,train
FS00041,4,2,0.5,0,34.1,9.2,12,5,0,1,9.9,-19.2,1,train
FS00294,6,4,0.667,1,72.4,13.9,24,14,0,0,50.2,-5.3,1,train
FS01013,9,3,0.333,1,20.0,10.9,5,1,0,0,12.8,-4.2,0,val
FS00875,4,1,0.25,0,1.5,0.0,0,2,0,1,15.8,6.5,0,train
FS00754,10,3,0.3,0,19.2,9.5,1,7,0,1,18.2,7.8,0,train
FS01112,6,1,0.167,0,3.0,1.3,1,0,0,0,22.0,2.7,0,train
FS00223,9,7,0.778,1,124.6,24.6,44,25,1,3,37.7,1.7,1,train
FS00261,8,5,0.625,1,81.8,20.6,29,17,1,1,28.6,-26.9,1,train
FS00495,10,3,0.3,0,17.1,10.7,6,3,0,1,12.1,0.3,0,train
FS00315,10,8,0.8,0,153.3,35.2,40,38,1,3,29.6,-8.2,1,train
FS00693,9,2,0.222,0,8.6,5.4,1,2,0,0,5.5,14.1,0,val
FS00822,9,3,0.333,0,17.2,6.2,6,3,0,1,12.2,3.6,0,test
FS00034,10,10,1.0,1,168.7,45.9,66,58,0,1,13.1,-15.7,1,train
FS01154,9,3,0.333,0,16.5,5.6,1,4,0,1,6.6,0.1,0,train
FS00597,4,1,0.25,0,15.6,7.2,2,1,0,1,20.4,0.5,0,train
FS00748,10,1,0.1,0,0.0,0.0,0,0,1,0,11.4,13.5,0,test
FS01165,5,1,0.2,0,2.1,7.4,1,1,0,1,22.8,-8.1,0,train
FS00416,8,2,0.25,0,19.1,3.5,5,3,0,2,14.8,-4.8,0,test
FS00503,8,2,0.25,0,12.9,8.5,3,4,0,0,9.7,7.9,0,train
FS00931,6,2,0.333,0,13.1,7.0,4,1,1,0,12.2,5.5,0,train
FS00529,7,1,0.143,1,1.9,4.9,3,0,0,0,22.8,-5.9,0,train
FS00146,10,8,0.8,1,135.7,32.8,48,31,0,1,25.4,-5.5,1,train
FS00151,5,3,0.6,1,53.8,4.6,18,14,0,2,27.3,-14.3,1,train
FS00772,4,1,0.25,1,8.0,4.2,2,1,0,0,8.9,-7.8,0,train
FS00903,9,1,0.111,0,3.7,2.7,0,1,0,0,11.7,4.3,0,train
FS00012,10,10,1.0,1,191.6,47.7,55,42,0,3,14.8,-21.6,1,test
FS00770,6,1,0.167,0,12.3,5.1,0,2,0,1,7.5,12.9,0,val
FS00913,10,1,0.1,0,0.0,0.2,0,1,1,1,12.1,-2.4,0,train
FS00546,5,1,0.2,0,5.7,5.3,2,0,0,1,9.2,6.3,0,test
FS01128,4,1,0.25,1,12.4,3.2,1,2,0,0,15.1,7.2,0,train
FS01141,8,2,0.25,1,13.3,0.5,1,1,0,0,7.9,1.6,0,val
FS00408,6,2,0.333,0,11.9,6.5,2,2,0,1,13.5,-0.7,0,train
FS00206,7,5,0.714,0,104.9,21.4,31,19,0,3,12.8,-19.4,1,test
FS01135,10,1,0.1,1,14.5,6.8,1,1,1,1,17.8,-3.5,0,test
FS00141,10,8,0.8,1,146.1,38.4,50,24,0,3,13.5,-10.5,1,train
FS01130,4,1,0.25,1,5.6,0.0,1,0,0,1,14.8,-2.7,0,val
FS00263,4,1,0.25,1,30.0,1.8,7,1,0,1,27.8,-11.9,1,train
FS00205,6,3,0.5,1,41.8,7.5,8,15,0,0,14.7,-35.9,1,val
FS00136,4,2,0.5,1,40.4,6.2,10,3,1,0,36.4,-4.4,1,train
FS01027,10,1,0.1,0,4.6,5.0,1,2,0,1,13.7,-0.0,0,train
FS01038,5,1,0.2,0,4.7,0.0,3,0,0,0,6.3,-4.7,0,train
FS00812,4,1,0.25,0,3.5,1.9,0,0,0,1,16.6,0.5,0,train
FS00612,7,1,0.143,1,0.0,2.1,1,1,0,0,21.9,-2.0,0,train
FS01113,8,1,0.125,0,6.3,8.2,1,2,0,1,17.9,-7.0,0,train
FS00007,5,3,0.6,0,58.9,13.5,17,9,0,2,24.8,-20.1,1,train
FS00168,10,9,0.9,1,158.3,40.2,52,40,0,2,37.3,-27.0,1,test
FS00273,4,3,0.75,1,45.7,16.3,24,11,0,2,21.4,-33.4,1,train
FS00960,10,2,0.2,0,18.2,11.5,0,0,0,2,12.1,9.1,0,val
FS00188,6,4,0.667,1,75.2,14.6,16,17,0,0,22.8,-18.0,1,train
FS00498,9,2,0.222,0,15.5,4.5,2,4,0,1,16.8,5.8,0,train
FS01107,7,1,0.143,1,0.0,4.1,2,0,0,1,7.8,5.4,0,train
FS01103,8,1,0.125,0,10.5,5.1,0,2,0,0,15.1,-1.5,0,train
FS00864,7,1,0.143,0,11.3,3.6,2,0,0,0,8.6,0.5,0,train
FS00391,10,3,0.3,1,13.2,15.2,1,2,0,2,12.6,17.8,0,train
FS00784,4,1,0.25,0,7.8,5.3,2,0,0,1,14.5,12.1,0,val
FS00079,10,8,0.8,0,151.4,33.0,36,22,0,1,29.2,-28.2,1,train
FS00166,5,5,1.0,1,91.6,17.1,31,18,0,3,37.3,-27.6,1,train
FS00806,5,1,0.2,0,11.0,8.1,1,0,0,1,18.1,10.7,0,val
FS00440,5,1,0.2,0,6.8,5.0,0,1,0,0,22.4,9.0,0,train
FS01149,8,1,0.125,0,10.8,4.4,0,1,0,1,10.6,-7.7,0,test
FS00860,6,2,0.333,1,13.9,3.7,3,2,0,1,19.0,-4.9,0,train
FS00179,7,7,1.0,1,125.7,31.8,42,35,0,2,24.7,-33.9,1,train
FS00415,8,1,0.125,1,3.4,7.7,2,0,0,0,22.4,20.0,0,train
FS00002,9,7,0.778,1,108.3,27.9,46,30,0,3,27.0,-4.8,1,train
FS01129,7,1,0.143,0,8.0,0.0,1,0,0,1,14.6,6.6,0,train
FS00354,8,8,1.0,0,142.2,29.8,47,41,0,0,40.4,-12.3,1,val
FS00549,7,2,0.286,0,13.6,8.3,2,1,0,0,15.7,7.7,0,val
FS00818,6,1,0.167,1,3.7,4.4,3,4,0,0,12.1,-11.5,0,train
FS00861,7,1,0.143,0,6.9,0.0,1,1,0,1,10.5,6.1,0,train
FS00257,9,9,1.0,0,147.2,36.6,55,43,0,2,23.9,-9.6,1,test
FS00792,7,1,0.143,1,6.4,4.1,3,1,0,0,16.6,2.7,0,train
FS00716,9,2,0.222,1,13.1,6.5,4,2,0,1,12.8,11.4,0,train
FS00808,7,2,0.286,0,12.2,12.6,2,1,0,2,3.6,7.5,0,train
FS00176,7,5,0.714,1,95.7,21.7,33,25,0,3,30.4,-4.5,1,train
FS00420,6,1,0.167,0,5.7,5.5,0,1,0,1,14.3,-10.6,0,train
FS00729,8,2,0.25,0,18.8,5.2,2,2,0,1,19.6,16.6,0,train
FS00655,9,1,0.111,0,13.6,11.7,1,1,0,1,0.0,15.7,0,train
FS00405,5,1,0.2,0,6.6,0.0,2,1,0,1,8.7,12.2,0,train
FS00097,4,2,0.5,1,43.2,9.7,7,10,0,2,29.7,-9.3,1,train
FS00797,8,1,0.125,0,2.5,8.5,3,0,0,1,11.4,-7.3,0,train
FS00033,8,8,1.0,1,143.9,29.9,44,33,0,0,45.5,-11.4,1,train
FS01136,6,2,0.333,0,12.2,10.5,6,2,0,0,15.4,15.9,0,test
FS01159,7,1,0.143,0,7.5,2.2,0,0,0,0,9.1,6.3,0,test
FS00935,7,2,0.286,0,10.0,4.6,1,0,0,0,18.5,6.5,0,train
FS00799,8,2,0.25,1,17.2,10.0,0,0,0,1,8.6,-2.7,0,val
FS00685,6,2,0.333,0,2.5,2.9,1,0,0,0,5.3,0.7,0,train
FS00629,4,1,0.25,0,10.2,10.3,3,0,0,0,11.2,4.2,0,train
FS00120,6,4,0.667,1,70.3,17.6,27,10,0,3,33.1,-28.4,1,train
FS00574,5,1,0.2,1,5.3,0.0,0,0,0,0,13.9,2.6,0,test
FS00968,8,2,0.25,0,7.8,1.1,4,2,0,1,8.3,13.6,0,train
FS00578,4,1,0.25,0,8.2,6.3,1,2,0,1,16.2,9.8,0,train
FS00101,10,8,0.8,0,147.3,36.2,46,31,0,3,44.1,-17.7,1,test
FS00576,9,2,0.222,0,15.0,6.7,3,2,0,2,4.5,-3.8,0,train
FS00227,10,7,0.7,1,132.4,25.0,34,28,0,1,38.8,-10.3,1,val
FS00481,6,1,0.167,0,4.2,0.0,2,0,0,1,14.2,10.2,0,test
FS00489,4,1,0.25,0,2.0,6.3,0,0,0,0,4.6,-10.2,0,train
FS00197,7,7,1.0,1,126.1,32.2,39,27,1,1,31.6,-29.1,1,train
FS00789,9,3,0.333,0,18.4,7.8,8,5,0,1,22.8,-2.8,0,val
FS00718,9,2,0.222,0,14.7,9.8,1,4,0,0,12.5,1.7,0,train
FS00310,8,5,0.625,1,88.0,15.1,24,21,0,3,10.5,-30.4,1,train
FS00258,8,5,0.625,0,86.6,23.3,32,17,0,3,27.9,-14.1,1,test
FS00349,9,8,0.889,1,149.5,31.0,39,28,0,2,24.8,-15.7,1,test
FS00463,5,1,0.2,0,0.4,5.5,1,2,0,0,26.6,9.2,0,test
FS00327,9,7,0.778,1,136.7,29.8,31,25,1,3,26.4,-26.4,1,train
FS00466,4,1,0.25,0,11.0,4.7,1,2,0,1,16.8,1.5,0,train
FS00210,10,8,0.8,1,158.0,33.6,41,32,0,1,24.7,-32.6,1,val
FS00114,9,6,0.667,1,112.0,29.0,33,20,0,2,37.9,-22.6,1,train
FS00983,4,1,0.25,0,8.4,1.0,1,1,0,1,13.7,-8.2,0,train
FS00602,4,1,0.25,0,6.4,5.5,1,2,0,0,14.8,5.5,0,train
FS00719,4,1,0.25,1,11.0,6.9,2,0,0,1,10.7,18.9,0,train
FS01177,10,2,0.2,0,14.1,8.6,0,1,0,0,25.1,12.9,0,train
FS00191,8,8,1.0,1,155.9,34.0,39,32,0,1,30.4,-37.8,1,train
FS00204,7,5,0.714,1,101.6,22.6,27,18,1,3,33.6,-27.2,1,train
FS00282,8,7,0.875,1,128.2,21.6,33,36,0,1,24.2,-33.1,1,test
FS00403,8,2,0.25,0,11.9,2.9,1,3,0,0,12.3,7.7,0,val
FS00386,8,2,0.25,0,12.4,6.2,4,2,0,2,19.1,10.6,0,test
FS01150,7,1,0.143,0,7.2,0.0,3,0,0,0,9.5,-5.0,0,train
FS00484,10,2,0.2,1,15.0,11.0,1,2,0,2,15.6,0.8,0,train
FS00782,6,2,0.333,0,4.6,11.3,3,2,0,1,4.4,-12.1,0,train
FS00435,8,2,0.25,0,9.4,6.0,2,2,0,0,14.9,2.1,0,train
FS00287,6,5,0.833,1,97.7,23.7,31,28,0,2,40.2,-4.0,1,val
FS00722,7,2,0.286,0,13.9,7.7,1,3,0,2,27.6,-1.9,0,train
FS00058,7,6,0.857,1,113.4,23.9,28,21,0,1,36.0,-41.4,1,test
FS01126,8,1,0.125,0,15.5,1.9,0,1,0,0,18.2,6.3,0,test
FS01051,6,1,0.167,0,8.7,0.0,2,0,0,0,0.0,2.0,0,test
FS00071,7,6,0.857,1,116.8,27.0,29,20,0,2,28.3,-42.3,1,train
FS00530,6,2,0.333,0,10.4,5.8,2,2,0,2,9.7,11.1,0,train
FS00845,10,2,0.2,0,11.1,8.8,3,3,0,2,15.2,-3.9,0,train
FS00318,4,4,1.0,1,74.8,16.1,22,20,0,3,8.0,-29.9,1,test
FS00496,9,2,0.222,0,7.6,5.5,5,2,0,0,24.0,12.0,0,test
FS00056,8,5,0.625,1,98.4,24.5,31,24,0,1,33.5,-11.2,1,train
FS00266,8,7,0.875,1,131.8,29.8,33,20,1,3,42.5,-19.1,1,val
FS01052,5,1,0.2,1,2.0,3.6,0,1,0,0,10.6,2.3,0,test
FS00928,9,1,0.111,0,4.4,0.0,2,0,0,0,7.9,1.9,0,train
FS00852,4,1,0.25,0,0.0,7.3,1,1,0,1,15.7,8.2,0,val
FS00656,9,2,0.222,0,12.1,10.4,0,2,0,0,7.2,2.3,0,train
FS00898,7,2,0.286,0,14.8,2.9,0,2,0,0,5.0,2.6,0,train
FS00069,7,5,0.714,1,94.9,23.4,23,21,0,2,25.1,-16.4,1,train
FS00620,10,1,0.1,1,1.2,1.2,2,0,0,0,7.5,-8.7,0,val
FS00736,10,2,0.2,0,10.9,1.2,2,0,0,1,23.8,17.2,0,test
FS00749,4,1,0.25,1,0.0,6.6,0,1,0,0,9.9,-1.1,0,test
FS00011,5,4,0.8,1,69.9,16.9,19,17,0,3,28.1,-14.2,1,train
FS00523,5,1,0.2,0,4.3,0.0,2,0,0,0,15.5,-3.7,0,train
FS00937,6,1,0.167,0,10.6,2.8,0,0,0,0,15.6,-15.0,0,train
FS00874,4,1,0.25,1,8.7,3.5,1,1,0,1,6.8,8.1,0,val
FS01144,8,2,0.25,1,16.5,7.2,2,1,0,1,10.2,3.6,0,train
FS00376,8,2,0.25,0,11.7,8.7,3,4,0,2,16.1,3.0,0,train
FS00159,5,5,1.0,1,92.5,17.6,30,20,0,0,34.9,-25.8,1,test
FS00669,9,3,0.333,1,18.8,9.0,2,6,0,1,22.6,-1.1,0,train
FS00742,7,2,0.286,0,8.6,9.1,1,1,0,0,17.4,-0.3,0,val
FS00140,7,4,0.571,1,74.7,14.9,16,16,0,0,30.7,-18.6,1,test
FS00396,5,1,0.2,0,4.1,7.0,1,1,0,1,17.3,2.7,0,val
FS00819,9,3,0.333,1,23.4,7.0,5,2,0,1,11.0,-4.7,0,val
FS00326,5,2,0.4,1,41.8,7.7,11,16,0,2,29.6,-23.3,1,train
FS01049,5,1,0.2,0,11.1,7.8,1,2,0,1,18.3,8.5,0,train
FS00213,6,3,0.5,1,57.2,9.4,22,13,1,3,34.1,-17.4,1,train
FS00652,7,1,0.143,0,0.9,4.2,1,0,0,0,23.2,6.6,0,train
FS00360,8,6,0.75,1,104.0,26.3,30,26,0,0,47.9,-22.8,1,train
FS01039,5,1,0.2,0,9.7,3.1,0,1,0,0,6.6,7.9,0,val
FS00965,5,1,0.2,0,11.3,2.1,1,1,0,1,14.9,20.0,0,train
FS00577,5,1,0.2,0,7.5,5.9,2,1,0,1,13.9,-6.3,0,val
FS00307,4,4,1.0,1,71.8,14.2,27,16,1,2,36.1,-33.5,1,train
FS01163,5,1,0.2,0,11.3,4.0,2,1,1,0,8.0,-3.4,0,test
FS00837,9,2,0.222,0,12.9,8.7,3,0,0,2,26.7,-1.6,0,train
FS01064,9,3,0.333,0,9.9,5.4,5,3,0,1,5.7,-2.0,0,train
FS00564,10,1,0.1,0,0.3,0.0,1,0,0,1,11.4,-13.9,0,test
FS00989,6,2,0.333,0,12.4,7.8,6,4,1,1,9.0,-3.0,0,train
FS00334,7,7,1.0,1,124.3,25.8,36,30,0,3,16.2,-20.8,1,train
FS00362,8,7,0.875,0,133.2,26.6,30,26,0,2,20.9,-40.9,1,train
FS00339,5,3,0.6,1,51.8,10.3,13,17,1,1,32.3,-10.1,1,train
FS00711,7,1,0.143,0,4.4,4.3,3,0,0,0,28.3,-9.5,0,val
FS00347,7,6,0.857,0,104.1,26.9,28,23,0,3,16.3,-24.2,1,train
FS00001,4,2,0.5,1,23.0,7.7,11,4,0,0,41.6,-13.7,1,test
FS00560,6,2,0.333,0,15.3,4.7,1,2,0,1,8.9,3.6,0,train
FS00155,10,9,0.9,0,161.1,32.2,37,29,0,2,41.2,-16.6,1,train
FS00255,7,7,1.0,1,124.7,24.8,39,30,0,1,24.7,-3.3,1,val
FS01067,5,1,0.2,0,0.4,6.6,2,0,0,1,7.1,-3.9,0,train
FS00584,10,3,0.3,0,18.7,12.0,3,3,0,2,12.4,2.2,0,train
FS00235,5,2,0.4,0,26.0,12.6,8,6,0,2,22.0,-24.3,1,train
FS00678,10,3,0.3,0,15.4,9.2,4,5,0,0,12.8,-2.9,0,train
FS00621,10,1,0.1,0,9.7,5.3,1,0,0,1,12.3,6.5,0,train
FS00855,4,1,0.25,0,8.4,0.0,2,3,0,1,15.7,7.7,0,test
FS00877,8,2,0.25,1,15.6,5.2,2,2,0,2,13.9,5.4,0,test
FS00105,9,8,0.889,1,125.4,31.4,37,34,0,1,34.8,-21.4,1,train
FS00614,4,1,0.25,0,10.5,3.2,2,1,0,0,15.9,12.2,0,train
FS00488,5,1,0.2,0,11.3,0.8,1,2,0,0,10.2,-7.7,0,test
FS00039,4,2,0.5,0,31.2,5.3,16,7,0,0,47.0,-17.1,1,train
FS00367,5,5,1.0,1,80.6,15.9,13,18,0,3,15.7,-35.4,1,train
FS00583,6,1,0.167,0,3.8,7.5,0,1,0,0,14.6,12.7,0,train
FS01114,8,2,0.25,0,16.5,9.1,4,0,0,0,22.6,5.3,0,train
FS01087,7,2,0.286,0,14.8,7.7,1,2,0,2,18.2,-2.9,0,train
FS00169,5,4,0.8,0,78.9,14.2,16,9,1,3,33.5,-31.9,1,test
FS00725,7,1,0.143,0,1.5,2.5,3,2,0,0,7.2,0.2,0,train
FS00694,10,2,0.2,0,6.0,11.8,2,3,0,1,17.6,-5.9,0,train
FS00444,9,2,0.222,0,17.3,12.1,3,3,0,2,13.6,-4.6,0,train
FS00110,6,6,1.0,0,110.9,22.4,40,21,0,2,40.7,-20.4,1,train
FS00533,4,1,0.25,0,7.9,0.7,0,1,0,0,14.4,17.6,0,train
FS01019,6,2,0.333,0,14.6,10.6,2,0,0,1,14.8,5.7,0,train
FS00500,8,1,0.125,0,10.8,6.1,1,0,0,1,12.0,0.3,0,train
FS01167,4,1,0.25,0,10.0,2.1,0,1,0,1,8.0,5.7,0,train
FS00948,5,1,0.2,0,8.6,4.6,2,1,0,0,19.1,-5.9,0,test
FS00183,6,3,0.5,0,61.7,11.8,11,9,1,3,27.4,-8.6,1,train
FS01006,5,1,0.2,0,10.2,7.3,2,0,0,0,13.9,7.9,0,test
FS00632,9,3,0.333,0,18.0,7.2,8,2,0,1,8.0,10.5,0,train
FS00423,8,1,0.125,0,6.7,0.8,0,0,0,0,24.6,1.8,0,train
FS00925,6,1,0.167,1,7.9,1.4,3,1,0,0,9.3,3.2,0,train
FS00042,10,10,1.0,1,186.2,39.1,56,44,1,0,49.4,-0.6,1,train
FS00252,9,6,0.667,0,103.2,23.4,29,20,1,0,15.5,-2.4,1,train
FS00878,5,1,0.2,0,5.0,0.9,1,2,0,1,9.9,8.1,0,train
FS00723,4,1,0.25,0,4.6,10.3,0,3,1,1,13.1,-15.0,0,train
FS00098,4,4,1.0,1,73.5,14.2,30,18,0,3,13.8,-29.7,1,train
FS01104,5,1,0.2,1,14.5,1.1,1,1,0,1,18.6,6.9,0,train
FS00705,4,1,0.25,0,7.0,4.9,0,0,0,0,6.8,12.5,0,train
FS00569,9,2,0.222,0,21.2,8.4,1,3,1,2,17.8,-1.4,0,test
FS00397,6,2,0.333,0,8.6,17.8,3,1,0,0,22.1,-8.1,0,train
FS01086,4,1,0.25,1,0.7,5.4,2,0,0,0,16.1,-14.0,0,train
FS01062,7,1,0.143,0,12.3,0.0,1,1,0,0,9.0,0.7,0,val
FS00515,9,3,0.333,0,24.8,10.7,1,5,0,1,11.4,8.4,0,test
FS01119,7,1,0.143,0,9.2,7.2,1,0,0,0,18.6,2.5,0,val
FS00410,5,1,0.2,1,8.2,2.9,2,1,0,0,17.5,7.2,0,test
FS00540,5,1,0.2,0,11.8,8.2,0,1,0,0,14.0,-2.5,0,test
FS00731,4,1,0.25,0,0.0,4.9,2,0,0,0,19.0,-10.2,0,train
FS00641,8,2,0.25,0,6.3,9.1,2,1,0,2,8.0,7.5,0,train
FS00111,5,3,0.6,1,61.5,8.5,18,13,0,0,13.9,-11.6,1,train
FS00061,10,8,0.8,0,143.8,31.4,54,41,0,1,30.6,-31.7,1,test
FS00550,4,1,0.25,1,4.7,4.8,0,2,0,0,17.8,1.4,0,test
FS01192,9,2,0.222,0,9.0,8.8,2,3,0,0,13.5,5.9,0,train
FS00010,10,8,0.8,1,150.7,34.3,41,34,0,3,29.3,-10.0,1,val
FS01057,6,2,0.333,0,14.8,12.1,4,0,0,1,12.7,5.3,0,train
FS00270,8,5,0.625,0,84.2,22.3,32,17,0,3,27.3,-23.1,1,train
FS00979,4,1,0.25,0,0.0,3.9,0,1,0,0,10.1,-2.8,0,train
FS01111,10,1,0.1,0,0.3,4.4,0,0,1,0,19.7,10.4,0,train
FS00014,6,5,0.833,1,85.7,20.6,31,16,1,3,30.5,-15.9,1,train
FS00508,5,1,0.2,1,10.6,1.5,2,0,1,0,25.2,-15.0,0,train
FS00645,6,2,0.333,1,11.4,11.1,3,4,0,1,3.5,5.2,0,train
FS00511,8,1,0.125,0,2.0,0.0,0,3,0,0,10.7,7.7,0,train
FS01196,9,1,0.111,0,14.2,6.2,0,1,0,0,19.2,-5.5,0,train
FS01010,8,1,0.125,0,1.1,7.5,0,1,0,1,0.0,3.9,0,test
FS00438,9,3,0.333,0,23.4,7.5,5,3,0,0,16.3,2.3,0,train
FS00043,8,5,0.625,1,90.0,24.6,26,16,0,2,27.5,-16.7,1,val
FS00164,4,2,0.5,1,47.4,10.8,15,7,0,0,34.0,-21.2,1,train
FS00178,6,5,0.833,1,77.8,21.2,20,19,1,3,22.0,-40.7,1,train
FS00057,4,3,0.75,1,58.0,10.8,22,11,1,0,38.7,-22.7,1,val
FS00068,8,5,0.625,0,88.1,19.0,27,21,0,1,33.6,-36.7,1,test
FS00708,10,1,0.1,0,7.6,7.7,2,0,0,1,12.9,-7.6,0,train
FS00331,4,2,0.5,1,45.1,5.4,14,9,1,2,17.3,-34.3,1,test
FS00676,9,3,0.333,0,21.8,16.4,5,4,0,0,5.8,7.7,0,val
FS00660,7,1,0.143,0,2.5,2.1,1,0,0,1,16.2,5.9,0,test
FS01173,9,3,0.333,0,20.4,11.4,1,2,0,0,10.2,-7.3,0,test
FS00109,4,1,0.25,1,28.8,1.3,3,1,1,0,18.6,-11.6,1,test
FS00618,7,1,0.143,0,5.2,1.8,1,0,0,0,6.1,0.8,0,train
FS01084,4,1,0.25,0,3.4,6.0,0,0,1,1,14.0,-10.6,0,train
FS00850,7,1,0.143,1,16.3,5.5,1,1,0,1,13.6,-4.6,0,train
FS01090,9,3,0.333,0,16.1,13.0,2,2,0,1,2.6,-7.2,0,test
FS00991,4,1,0.25,0,0.7,2.7,0,2,1,1,18.6,-7.6,0,train
FS01082,9,2,0.222,1,13.3,5.7,0,2,0,1,16.7,-2.9,0,test
FS00537,4,1,0.25,0,9.8,2.9,3,0,0,0,17.2,-6.2,0,test
FS00447,8,2,0.25,1,12.7,8.1,0,0,0,1,15.1,8.1,0,test
FS00477,9,2,0.222,0,5.0,9.9,3,2,0,1,12.8,12.6,0,train
FS00726,4,1,0.25,0,3.0,2.7,0,1,0,0,19.4,3.0,0,train
FS01106,4,1,0.25,1,9.1,2.2,4,0,0,1,19.7,3.3,0,train
FS00899,10,1,0.1,0,0.0,4.3,2,2,0,0,10.3,6.8,0,train
FS01101,10,2,0.2,0,11.3,9.3,2,2,0,0,11.9,2.1,0,test
FS00522,5,1,0.2,0,7.8,5.5,2,0,0,1,16.1,10.2,0,train
FS00201,4,3,0.75,1,61.0,8.8,14,10,1,2,34.8,-16.5,1,test
FS00052,10,7,0.7,1,122.0,25.8,27,25,0,0,33.3,-5.9,1,train
FS00372,10,9,0.9,1,171.7,43.9,47,39,0,0,38.1,-13.3,1,val
FS00401,9,1,0.111,1,2.9,4.3,3,1,0,0,8.9,1.2,0,train
FS01110,4,1,0.25,1,6.2,1.8,1,1,0,1,24.0,1.6,0,train
FS00340,5,3,0.6,1,52.0,13.8,21,13,0,0,13.5,-17.7,1,train
FS00485,5,1,0.2,0,0.4,0.0,2,1,0,1,9.8,-6.2,0,train
FS00180,5,5,1.0,1,92.3,20.2,36,30,0,2,34.5,-7.4,1,val
FS00582,10,2,0.2,0,4.7,5.7,2,2,0,1,16.7,0.1,0,val
FS00897,6,1,0.167,0,2.8,6.6,1,0,0,0,10.4,3.2,0,train
FS00108,6,5,0.833,1,90.4,20.3,30,13,0,1,32.7,-10.1,1,train
FS00820,4,1,0.25,0,14.5,3.1,2,1,0,1,14.1,-13.2,0,test
FS01022,5,1,0.2,1,2.5,4.9,0,0,0,0,17.6,-10.9,0,train
FS00554,6,1,0.167,0,7.1,1.3,2,0,0,1,16.4,12.0,0,test
FS00670,6,2,0.333,0,13.3,8.9,6,0,0,0,10.0,-0.3,0,test
FS00338,4,3,0.75,1,50.2,15.3,20,11,0,3,37.1,-5.0,1,train
FS00909,10,2,0.2,0,18.0,6.8,5,0,0,1,15.6,5.0,0,train
FS00869,7,1,0.143,0,0.0,4.7,1,1,0,0,14.2,2.9,0,train
FS00143,4,2,0.5,0,39.9,13.7,14,8,0,2,29.6,-9.5,1,train
FS00192,5,2,0.4,0,50.9,6.3,13,8,0,0,26.4,-23.9,1,val
FS00882,10,2,0.2,0,12.3,7.3,1,2,0,2,10.2,5.0,0,val
FS00834,6,2,0.333,0,7.8,7.2,2,3,0,2,19.4,-0.4,0,train
FS00995,6,2,0.333,0,8.9,2.0,3,3,0,1,14.9,13.1,0,val
FS00854,9,1,0.111,0,3.4,4.8,0,2,0,1,10.3,-5.5,0,val
FS00173,4,4,1.0,1,69.3,9.6,25,16,0,3,29.9,-16.8,1,train
FS00274,7,5,0.714,1,93.9,21.3,37,22,0,2,19.7,-16.8,1,train
FS00019,8,5,0.625,1,85.3,23.1,23,16,0,1,22.1,-24.7,1,train
FS00067,6,5,0.833,1,92.7,15.0,33,22,0,2,22.5,-0.6,1,test
FS00242,5,5,1.0,1,82.6,23.2,36,16,0,1,13.2,-31.4,1,test
FS00479,6,1,0.167,0,7.0,9.7,0,0,0,0,26.4,-14.8,0,train
FS00761,10,3,0.3,0,26.6,8.2,6,1,0,1,9.9,-7.3,0,train
FS00635,7,1,0.143,0,1.8,2.6,1,2,0,1,26.9,12.6,0,train
FS00683,9,3,0.333,0,16.8,8.7,3,3,0,0,4.0,3.2,0,train
FS00704,6,1,0.167,0,9.1,2.3,1,4,0,1,17.3,17.7,0,train
FS00471,5,1,0.2,1,7.4,2.5,2,2,0,1,10.4,-5.3,0,train
FS00884,9,1,0.111,0,9.8,0.9,1,2,0,0,1.0,4.2,0,val
FS00997,9,2,0.222,0,10.8,3.8,5,2,0,1,23.8,-3.2,0,train
FS00720,6,1,0.167,0,16.2,6.5,1,0,0,1,24.8,10.1,0,val
FS01060,8,1,0.125,0,12.0,0.0,0,2,0,0,26.1,11.4,0,test
FS00838,7,1,0.143,1,8.1,3.2,0,0,0,0,2.0,14.4,0,train
FS00886,8,2,0.25,0,13.2,7.6,5,1,0,1,19.4,14.8,0,test
FS00681,5,1,0.2,0,9.6,5.1,0,3,0,1,10.7,-15.0,0,train
FS01160,4,1,0.25,0,3.5,0.0,1,1,0,1,10.4,5.0,0,train
FS00432,8,2,0.25,0,5.6,9.2,5,4,0,0,15.2,0.7,0,train
FS00076,8,6,0.75,1,121.0,23.0,33,23,0,2,36.4,-8.1,1,train
FS00640,9,3,0.333,0,20.7,9.7,3,0,0,2,11.3,0.6,0,train
FS01029,4,1,0.25,0,3.4,2.8,0,0,0,1,14.3,-13.3,0,train
FS00046,6,6,1.0,1,96.1,22.5,25,23,0,0,22.4,-12.8,1,test
FS00944,4,1,0.25,0,1.3,6.0,1,0,0,1,14.9,-0.0,0,train
FS00406,4,1,0.25,0,12.3,10.6,3,1,0,0,10.7,2.6,0,train
FS00888,5,1,0.2,1,8.6,2.0,1,0,0,0,16.3,-3.7,0,test
FS00158,9,7,0.778,1,117.1,30.0,40,25,0,1,31.7,-7.3,1,train
FS01011,5,1,0.2,0,7.0,5.7,1,2,0,0,14.8,-7.8,0,val
FS00833,6,2,0.333,0,12.9,7.1,1,2,0,1,13.7,6.9,0,train
FS00216,10,9,0.9,1,160.5,34.0,57,36,1,2,19.0,-40.0,1,test
FS00534,9,2,0.222,0,10.8,7.8,5,2,0,0,17.2,-3.7,0,train
FS00465,9,2,0.222,0,16.7,9.2,2,2,0,2,20.4,13.3,0,test
FS00107,9,8,0.889,1,154.0,36.1,54,34,0,2,19.4,-5.8,1,train
FS00467,4,1,0.25,0,18.0,5.0,1,3,0,0,16.4,6.2,0,val
FS01089,4,1,0.25,0,5.5,0.0,1,0,0,1,17.7,-0.2,0,train
FS00589,7,2,0.286,0,22.9,3.3,4,1,0,2,10.7,8.1,0,train
FS00636,7,2,0.286,0,13.6,8.6,5,2,0,2,10.8,-11.3,0,train
FS00639,6,2,0.333,0,10.3,5.1,5,2,0,0,17.6,8.0,0,val
FS00297,9,8,0.889,1,138.6,36.1,42,23,0,1,24.6,-7.4,1,train
FS01183,4,1,0.25,0,5.7,4.7,1,1,0,1,24.4,3.9,0,train
FS00715,5,1,0.2,1,8.2,0.6,1,0,0,0,8.5,0.3,0,train
FS00710,10,3,0.3,0,20.5,15.8,7,3,0,1,13.1,11.2,0,train
FS00677,10,3,0.3,0,19.9,11.1,5,4,0,2,10.4,20.0,0,test
FS00796,9,1,0.111,0,6.4,1.1,0,1,0,1,16.5,3.7,0,test
FS00040,7,7,1.0,1,135.8,28.8,45,25,1,3,51.6,-23.4,1,val
FS00470,4,1,0.25,0,3.3,1.4,6,0,0,1,21.4,5.4,0,val
FS00382,8,1,0.125,0,4.7,3.3,1,0,1,0,11.1,19.7,0,train
FS01055,7,2,0.286,0,19.3,9.4,3,0,0,0,8.6,-11.4,0,train
FS00561,4,1,0.25,1,0.0,7.5,1,0,0,1,20.5,18.9,0,train
FS00805,9,2,0.222,0,3.7,5.9,0,1,0,1,13.4,-14.7,0,val
FS00220,6,4,0.667,1,81.7,16.3,28,21,1,2,17.9,-11.0,1,test
FS00942,9,2,0.222,0,8.9,5.2,2,2,0,0,3.9,10.5,0,train
FS01097,5,1,0.2,0,7.1,6.2,1,1,0,0,5.4,-12.3,0,train
FS00103,4,4,1.0,1,73.8,18.6,31,16,1,1,44.4,-8.7,1,test
FS00849,5,1,0.2,0,3.7,4.1,0,0,1,1,8.3,5.5,0,test
FS00127,10,10,1.0,1,166.0,41.9,67,46,0,3,32.4,-26.4,1,train
FS01088,10,3,0.3,0,19.1,5.2,0,2,1,2,5.5,11.2,0,train
FS00419,4,1,0.25,1,6.6,0.0,2,2,0,0,6.5,9.3,0,train
FS00330,7,4,0.571,1,79.8,18.5,30,16,1,2,34.0,-29.5,1,train
FS00199,7,6,0.857,1,109.6,28.7,37,26,0,0,31.3,-26.3,1,train
FS01109,8,1,0.125,0,9.7,0.0,1,0,0,0,11.4,1.1,0,train
FS00380,9,1,0.111,1,12.6,1.8,3,0,0,1,18.4,-3.7,0,train
FS01093,4,1,0.25,1,12.3,7.2,0,1,0,1,18.2,-2.7,0,val
FS00996,7,2,0.286,1,16.5,5.8,2,2,0,2,9.2,1.6,0,train
FS00356,5,3,0.6,1,62.2,13.3,13,13,0,3,24.0,-13.3,1,train
FS00009,6,5,0.833,1,75.6,19.5,29,15,1,1,15.7,-13.7,1,train
FS00065,6,3,0.5,1,54.6,10.7,16,12,1,1,20.2,-8.8,1,val
FS00224,6,4,0.667,1,82.3,11.4,23,20,1,1,20.3,-7.3,1,train
FS00276,10,8,0.8,1,142.2,29.8,48,35,1,0,19.1,-17.4,1,train
FS00161,8,5,0.625,1,90.3,25.4,29,24,0,0,11.2,-22.2,1,train
FS00964,8,2,0.25,1,12.7,10.2,4,1,0,1,11.7,-9.2,0,val
FS00147,4,1,0.25,1,23.6,2.6,5,4,1,1,51.4,-29.7,1,val
FS00017,7,5,0.714,1,84.2,20.4,23,23,1,1,8.0,-17.8,1,train
FS01185,8,2,0.25,0,9.8,4.6,4,0,0,0,17.7,2.1,0,val
FS00214,9,7,0.778,1,115.7,21.0,40,24,0,0,8.0,-6.4,1,train
FS00714,4,1,0.25,0,7.9,5.0,1,1,0,0,14.2,7.5,0,train
FS00738,9,1,0.111,1,9.2,6.3,1,1,0,1,23.5,3.7,0,train
FS01123,9,1,0.111,1,12.5,2.8,3,2,1,0,28.3,3.2,0,train
FS00237,10,8,0.8,1,137.9,32.8,48,29,0,3,27.6,2.3,1,train
FS00962,4,1,0.25,0,6.5,3.5,2,1,0,1,7.3,6.5,0,test
FS00826,7,2,0.286,0,14.6,5.7,4,3,0,0,32.8,8.6,0,train
FS00476,5,1,0.2,0,3.0,0.6,2,1,0,1,15.4,1.4,0,test
FS00949,5,1,0.2,0,2.1,1.3,1,1,0,1,22.3,-1.5,0,train
FS00125,7,4,0.571,0,66.6,15.8,34,15,1,2,30.9,1.1,1,test
FS01164,5,1,0.2,0,6.9,3.8,2,1,0,1,21.7,-15.0,0,train
FS00689,8,1,0.125,1,4.8,4.8,0,1,0,1,2.0,-2.5,0,train
FS00923,8,2,0.25,0,12.1,7.9,2,5,0,0,28.1,-4.4,0,train
FS00918,10,1,0.1,0,4.5,1.5,3,0,0,0,17.7,3.6,0,train
FS00023,8,8,1.0,1,142.2,27.1,44,25,0,0,24.9,-39.8,1,train
FS00312,10,7,0.7,0,141.3,29.6,43,23,1,1,32.4,-2.1,1,val
FS00378,8,1,0.125,0,7.0,3.7,0,0,0,0,16.1,-1.5,0,val
FS00003,8,8,1.0,1,155.7,32.9,42,34,0,3,23.6,-6.1,1,val
FS00186,7,4,0.571,1,59.9,15.2,20,22,1,1,10.0,-37.1,1,val
FS00737,5,1,0.2,0,9.2,5.1,1,1,0,0,8.9,-0.9,0,train
FS00777,5,1,0.2,1,6.1,7.2,0,0,0,0,7.1,0.9,0,train
FS00881,5,1,0.2,0,6.5,4.1,3,1,0,1,6.7,-2.5,0,val
FS00936,9,1,0.111,0,11.1,0.6,0,2,0,0,11.0,3.3,0,test
FS00744,8,1,0.125,1,3.3,0.8,3,2,0,1,18.0,-15.0,0,val
FS01030,5,1,0.2,0,10.3,2.1,2,1,0,1,12.3,10.3,0,train
FS00393,7,2,0.286,0,16.3,9.0,4,3,0,0,20.8,9.5,0,train
FS00144,7,7,1.0,1,117.6,24.4,31,31,1,3,19.1,-10.2,1,train
FS00926,8,1,0.125,0,1.7,2.7,2,0,0,0,21.3,-0.3,0,train
FS01033,7,1,0.143,0,6.6,7.7,2,2,0,1,16.3,-0.3,0,train
FS00774,5,1,0.2,0,6.4,1.6,0,1,0,1,15.9,-15.0,0,train
FS01153,9,2,0.222,0,16.9,6.9,2,2,0,2,24.3,9.4,0,train
FS00427,8,1,0.125,0,0.0,0.0,2,2,0,0,21.8,4.3,0,val
FS00575,8,2,0.25,1,18.0,10.0,2,1,0,1,6.0,-1.9,0,train
FS00858,9,3,0.333,0,20.4,13.3,3,1,0,2,24.9,10.7,0,train
FS01023,8,2,0.25,1,14.8,8.9,4,0,0,1,19.1,-13.2,0,train
FS00690,9,2,0.222,0,9.1,6.3,2,1,0,2,11.5,3.0,0,val
FS00630,9,3,0.333,0,11.1,11.1,4,2,0,1,13.9,0.8,0,val
FS00352,6,3,0.5,1,44.8,11.6,18,13,0,0,31.7,3.7,1,val
FS00890,7,1,0.143,0,8.4,4.3,1,1,0,0,6.9,2.8,0,val
FS00077,9,7,0.778,0,123.0,26.8,39,27,1,0,29.8,-27.4,1,val
FS01182,8,2,0.25,1,12.1,4.3,1,2,0,2,12.7,2.0,0,train
FS00885,7,2,0.286,0,12.0,10.7,4,2,0,0,12.5,-2.1,0,train
FS00319,4,1,0.25,1,29.6,6.1,4,3,0,1,35.6,-37.6,1,test
FS00755,4,1,0.25,1,3.2,5.0,1,1,0,1,11.2,10.4,0,train
FS00836,5,1,0.2,0,4.4,1.1,1,4,0,0,9.9,16.7,0,test
FS00721,6,1,0.167,0,3.7,4.3,1,1,0,1,11.6,9.8,0,test
FS00072,4,2,0.5,1,43.7,6.6,7,12,1,1,26.6,-26.8,1,train
FS00364,8,8,1.0,1,129.8,35.7,46,40,1,1,28.2,-24.2,1,train
FS00785,10,1,0.1,1,11.9,4.4,0,0,0,1,14.4,13.3,0,train
FS01031,4,1,0.25,1,8.2,7.7,1,0,0,0,12.1,5.9,0,train
FS00940,9,2,0.222,0,9.6,10.1,3,1,0,2,25.0,20.0,0,train
FS00544,7,2,0.286,0,5.1,0.0,3,1,0,0,8.7,9.5,0,train
FS00959,8,2,0.25,0,15.1,6.8,3,1,0,1,12.1,8.0,0,val
FS01138,7,2,0.286,0,19.9,7.0,6,2,0,2,17.0,-3.4,0,val
FS00893,9,2,0.222,0,12.9,3.6,3,1,0,0,22.4,3.6,0,train
FS00743,9,3,0.333,0,19.3,9.4,4,1,0,0,7.4,4.9,0,train
FS00915,8,1,0.125,0,5.2,3.6,0,2,0,1,3.3,-2.7,0,val
FS00821,4,1,0.25,0,6.5,6.6,0,0,0,1,10.7,-11.8,0,test
FS00344,6,3,0.5,1,50.8,7.3,20,14,0,2,16.1,-21.7,1,train
FS01026,9,2,0.222,0,16.5,6.2,1,1,0,2,12.6,-7.2,0,train
FS01195,6,2,0.333,0,4.3,11.2,4,1,0,1,13.0,0.5,0,test
FS00659,9,1,0.111,0,5.5,2.1,3,2,0,1,18.7,-2.5,0,test
FS00932,5,1,0.2,0,5.4,4.4,1,0,1,1,10.6,7.8,0,val
FS00568,4,1,0.25,0,7.9,2.3,1,2,0,1,12.7,6.6,0,test
FS01124,7,2,0.286,0,14.5,4.8,3,1,0,0,7.6,6.0,0,train
FS00970,4,1,0.25,0,6.2,8.3,2,0,0,0,19.0,0.4,0,test
FS01143,5,1,0.2,0,5.4,1.8,0,0,0,1,18.2,-2.0,0,test
FS00156,4,2,0.5,1,48.0,7.6,11,3,0,0,34.7,-17.5,1,test
FS00783,9,3,0.333,0,23.8,6.9,9,2,0,2,11.3,13.9,0,val
FS00628,6,2,0.333,0,13.5,7.3,4,4,0,1,18.0,-3.4,0,train
FS01170,7,1,0.143,0,8.6,5.5,0,0,0,0,19.0,-8.4,0,val
FS00389,7,2,0.286,1,10.8,2.5,4,4,0,0,1.7,4.1,0,test
FS00848,5,1,0.2,0,4.9,2.4,2,0,0,0,10.0,-3.3,0,train
FS01147,6,2,0.333,0,13.8,9.5,3,2,0,2,14.1,14.8,0,train
FS00505,5,1,0.2,0,7.2,0.0,2,2,0,1,18.1,-2.1,0,test
FS00682,9,2,0.222,0,18.6,11.1,1,2,1,0,17.0,8.8,0,train
FS01048,6,1,0.167,1,7.0,6.5,2,3,0,1,9.4,0.5,0,test
FS00856,10,3,0.3,0,17.6,11.7,5,2,1,1,11.1,-6.0,0,train
FS01003,4,1,0.25,0,11.9,5.1,0,1,0,0,14.9,13.4,0,test
FS00887,5,1,0.2,0,5.9,10.3,1,0,0,0,12.9,6.1,0,train
FS00345,6,3,0.5,1,50.0,7.3,13,16,0,3,33.1,-28.8,1,train
FS00724,9,3,0.333,0,21.3,12.7,4,0,0,1,16.8,6.7,0,train
FS00900,10,2,0.2,0,16.4,2.9,1,3,0,2,21.6,-2.6,0,train
FS00637,10,3,0.3,0,14.6,8.3,4,3,1,2,23.2,12.5,0,train
FS00955,5,1,0.2,1,13.6,3.5,1,1,0,1,17.8,10.5,0,train
FS00395,8,1,0.125,0,5.5,2.7,2,0,0,0,13.7,0.5,0,train
FS00623,7,1,0.143,0,1.9,2.9,2,0,0,1,8.4,1.8,0,val
FS01132,8,1,0.125,0,6.8,2.9,1,2,0,1,20.0,2.6,0,train
FS01063,8,2,0.25,0,6.9,1.9,4,2,0,0,17.5,10.9,0,train
FS01151,10,2,0.2,0,22.1,4.3,2,2,0,1,8.6,-4.8,0,train
FS00264,7,7,1.0,1,129.2,28.5,36,21,0,2,36.2,-25.3,1,train
FS00809,10,3,0.3,0,25.2,6.9,5,5,0,0,11.0,-6.0,0,train
FS00138,7,4,0.571,1,79.8,17.4,23,21,0,1,32.2,-19.9,1,test
FS01028,7,2,0.286,1,15.2,4.6,0,0,0,2,17.3,7.9,0,train
FS00535,5,1,0.2,0,8.8,0.0,0,0,0,1,22.6,-0.4,0,train
FS00592,9,2,0.222,0,10.0,10.7,1,1,0,0,21.9,-1.5,0,train
FS00231,9,9,1.0,1,149.3,33.4,53,35,0,1,35.8,-37.0,1,train
FS01166,6,2,0.333,0,15.9,9.7,2,1,0,0,0.0,-6.8,0,train
FS00759,6,2,0.333,0,14.9,4.5,4,1,0,2,13.7,-2.5,0,train
FS01044,4,1,0.25,0,10.7,1.6,2,0,0,0,5.7,13.9,0,train
FS00394,9,2,0.222,0,11.2,6.8,1,1,1,1,14.1,8.0,0,val
FS00905,7,1,0.143,1,0.0,3.2,1,0,0,1,1.8,6.3,0,train
FS00966,4,1,0.25,0,11.4,2.3,2,2,0,0,8.0,0.1,0,val
FS00286,7,6,0.857,1,109.6,28.8,31,26,0,2,28.2,-7.5,1,train
FS00279,7,6,0.857,1,103.9,24.7,32,27,0,0,21.5,-10.9,1,test
FS00787,7,2,0.286,0,14.5,3.6,1,3,0,1,16.7,6.4,0,val
FS00788,7,2,0.286,0,11.2,11.6,4,0,0,2,14.6,-4.0,0,train
FS00717,4,1,0.25,0,6.5,0.9,1,1,0,0,14.6,9.4,0,val
FS01105,9,3,0.333,0,17.1,10.8,2,1,0,0,2.6,1.2,0,train
FS00891,7,2,0.286,1,13.1,6.8,1,1,0,2,20.0,12.2,0,val
FS00232,9,7,0.778,1,123.0,28.9,44,33,1,0,28.9,-28.5,1,val
FS00084,8,7,0.875,1,125.8,26.6,33,32,1,2,21.9,-15.0,1,test
FS01068,7,1,0.143,0,4.6,0.0,0,2,0,0,10.8,11.4,0,val
FS00102,4,4,1.0,1,67.5,15.1,24,17,1,3,38.3,-1.9,1,train
FS00422,5,1,0.2,0,7.2,8.2,2,1,0,1,10.9,18.3,0,test
FS00132,6,6,1.0,1,101.2,25.1,40,21,0,3,26.5,-21.3,1,train
FS00934,10,1,0.1,0,1.5,7.4,2,1,0,1,21.8,-1.2,0,val
FS00713,6,1,0.167,0,4.2,0.7,0,1,0,0,4.6,12.7,0,train
FS00078,6,4,0.667,1,68.0,19.9,25,15,1,2,31.4,-3.6,1,val
FS00703,9,2,0.222,0,15.9,5.1,5,3,0,2,24.9,4.5,0,test
FS00083,6,4,0.667,1,81.8,21.0,23,21,1,2,35.4,-10.4,1,train
FS00654,5,1,0.2,1,7.5,6.6,1,1,0,0,16.2,7.1,0,train
FS01116,7,2,0.286,0,10.5,5.8,2,1,0,1,6.9,11.9,0,train
FS00194,9,9,1.0,1,146.9,37.8,39,29,0,1,45.7,-26.8,1,val
FS00872,5,1,0.2,1,5.0,2.8,0,3,0,1,14.4,-14.8,0,val
FS00956,9,2,0.222,0,14.1,12.1,3,1,0,1,19.3,6.0,0,val
FS00431,7,1,0.143,0,4.2,3.3,0,2,1,0,3.4,-9.9,0,train
FS00121,6,4,0.667,1,70.2,17.1,29,21,0,1,32.7,-5.5,1,train
FS01070,7,1,0.143,0,0.0,0.0,3,0,1,1,17.5,2.7,0,test
FS00243,7,6,0.857,1,101.5,19.4,32,21,0,3,31.1,-21.3,1,train
FS00804,6,1,0.167,1,8.2,2.7,1,0,0,1,13.4,-2.3,0,train
FS00525,7,2,0.286,0,7.6,6.2,2,3,0,2,14.8,11.7,0,test
FS00747,5,1,0.2,0,3.3,2.5,1,0,0,0,5.4,9.4,0,train
FS00791,6,2,0.333,0,5.0,10.1,3,2,0,2,14.1,-9.1,0,train
FS00993,6,2,0.333,0,9.1,6.1,4,4,0,0,17.5,2.1,0,train
FS00653,5,1,0.2,1,6.7,6.2,0,1,0,0,6.5,-4.6,0,train
FS01172,6,2,0.333,0,15.8,6.7,2,3,0,2,9.1,9.6,0,train
FS00680,8,1,0.125,0,12.0,6.7,0,0,0,1,19.0,-8.2,0,train
FS00093,10,8,0.8,1,134.3,33.3,42,33,1,1,31.1,-3.9,1,train
FS00304,9,6,0.667,1,107.2,20.1,44,22,0,0,39.7,-17.4,1,train
FS00306,7,6,0.857,0,127.2,26.3,32,15,0,3,36.1,-18.8,1,train
FS00311,5,2,0.4,1,29.5,10.6,16,9,1,2,34.8,-11.1,1,test
FS00248,4,2,0.5,1,45.3,2.5,12,11,0,2,8.0,-17.9,1,test
FS00379,9,3,0.333,0,26.5,11.7,4,1,0,2,13.9,13.1,0,train
FS00825,6,1,0.167,0,1.8,5.4,1,0,0,1,13.6,6.7,0,train
FS00404,9,3,0.333,1,17.7,10.0,4,4,0,1,13.8,-2.8,0,val
FS00876,4,1,0.25,0,3.5,0.0,1,0,0,0,11.7,4.0,0,train
FS00365,5,2,0.4,1,33.3,9.7,17,5,0,0,45.2,-26.9,1,train
FS00399,5,1,0.2,0,10.0,2.2,1,1,0,1,21.1,-5.8,0,train
FS00359,9,9,1.0,0,154.8,42.7,64,25,1,1,31.1,-20.7,1,test
FS00943,9,2,0.222,0,8.6,10.0,4,3,0,1,20.8,0.0,0,val
FS01184,10,2,0.2,0,11.9,7.7,2,1,0,1,10.4,11.0,0,val
FS00823,7,1,0.143,0,3.5,0.9,0,2,0,1,13.9,2.3,0,train
FS00973,7,2,0.286,1,11.5,7.6,2,0,0,1,23.7,-2.7,0,train
FS01077,4,1,0.25,0,6.2,0.3,1,0,0,0,23.0,16.0,0,train
FS00226,8,8,1.0,1,160.3,29.8,41,37,0,3,32.0,-28.3,1,train
FS00060,4,1,0.25,1,23.1,6.1,2,2,1,1,20.5,-21.0,1,train
FS00112,10,10,1.0,1,180.1,44.8,51,33,0,2,12.8,-20.9,1,test
FS01042,4,1,0.25,0,0.0,1.6,0,2,0,0,17.3,-1.0,0,train
FS00335,4,1,0.25,1,5.2,7.1,4,5,0,1,13.3,-30.6,1,val
FS00323,8,7,0.875,0,118.4,20.5,35,32,0,2,31.1,1.4,1,test
FS00032,10,7,0.7,1,115.7,24.8,35,43,0,0,42.1,-9.9,1,train
FS00333,8,7,0.875,0,131.1,25.4,46,31,0,0,35.7,-8.2,1,train
FS00939,8,2,0.25,0,9.7,8.0,1,4,0,0,4.4,18.4,0,train
FS00663,4,1,0.25,0,10.6,0.0,3,0,0,1,3.3,-0.1,0,train
FS01194,8,1,0.125,0,10.6,7.0,0,0,0,1,10.6,5.5,0,test
FS01078,8,1,0.125,1,3.0,4.8,1,0,0,1,14.6,8.4,0,train
FS00413,10,2,0.2,0,10.9,6.2,5,2,0,1,16.6,1.7,0,test
FS00153,5,5,1.0,1,99.6,19.2,22,17,0,3,34.6,-26.2,1,train
FS00727,7,2,0.286,0,7.8,8.2,3,2,0,2,20.4,17.2,0,train
FS00137,5,5,1.0,1,93.0,19.1,31,19,0,2,34.2,-12.8,1,test
FS00293,4,1,0.25,1,22.5,7.5,5,5,0,1,33.0,-15.0,1,test
FS00626,9,3,0.333,0,11.3,4.8,6,4,0,0,13.9,5.7,0,val
FS00844,9,3,0.333,0,19.6,13.6,6,1,0,1,15.8,-3.8,0,train
FS00557,10,2,0.2,0,16.7,3.2,5,2,0,1,9.2,1.0,0,val
FS01007,10,1,0.1,0,6.7,2.8,1,0,0,1,13.8,4.2,0,train
FS00793,4,1,0.25,0,0.0,6.8,2,0,0,0,8.8,3.8,0,train
FS00859,7,2,0.286,0,8.1,10.6,2,1,0,1,11.9,13.8,0,train
FS00387,9,1,0.111,0,11.2,0.0,4,0,0,1,16.5,15.5,0,val
FS00657,4,1,0.25,0,9.4,1.9,1,2,0,0,7.6,2.1,0,train
FS00987,7,1,0.143,1,6.3,5.5,2,4,0,0,23.6,-4.0,0,train
FS00615,6,2,0.333,0,11.9,8.1,3,2,1,1,10.2,8.7,0,train
FS00590,5,1,0.2,1,11.7,4.8,1,1,0,1,13.8,0.8,0,train
FS00976,10,2,0.2,1,20.4,4.9,4,2,0,1,11.3,0.4,0,test
FS00524,10,1,0.1,0,14.2,8.2,0,1,0,1,25.3,-5.0,0,train
FS01095,10,2,0.2,1,9.8,12.8,4,0,0,0,12.8,8.7,0,train
FS00502,4,1,0.25,0,12.1,2.2,2,3,0,1,18.0,-1.7,0,train
FS01133,4,1,0.25,0,1.7,0.7,1,0,0,1,7.2,3.7,0,train
FS01176,5,1,0.2,0,3.1,3.5,1,0,0,0,21.3,9.2,0,train
FS00633,10,3,0.3,0,16.3,8.3,1,2,0,2,9.7,15.0,0,val
FS00769,8,2,0.25,0,1.6,11.6,4,1,0,0,14.1,3.8,0,test
FS00113,10,8,0.8,1,152.0,30.5,47,36,0,3,18.4,-26.4,1,train
FS00593,4,1,0.25,0,5.3,6.4,0,0,0,1,18.8,19.3,0,train
FS00053,9,8,0.889,1,148.1,25.0,54,37,0,3,9.2,-25.6,1,val
FS00300,5,3,0.6,1,49.6,14.4,16,11,0,0,30.8,-12.3,1,test
FS00433,5,1,0.2,1,8.0,4.8,1,1,0,1,7.8,-10.2,0,test
FS00048,9,9,1.0,1,132.9,38.3,50,39,0,2,47.7,-17.7,1,train
FS01134,9,3,0.333,0,22.7,9.4,1,2,0,0,16.6,1.2,0,train
FS00029,10,9,0.9,1,167.1,31.6,56,46,0,1,27.6,-30.8,1,train
FS00846,6,1,0.167,0,9.0,4.6,0,0,0,1,13.9,-2.6,0,train
FS00454,6,1,0.167,0,0.0,9.6,0,1,0,1,8.4,-1.0,0,train
FS01005,6,2,0.333,1,14.3,9.9,1,2,0,2,3.4,-1.8,0,train
FS00627,9,2,0.222,0,12.7,5.7,4,0,0,1,12.6,-13.6,0,train
FS00992,7,2,0.286,0,20.4,8.7,6,1,0,2,13.1,-4.2,0,train
FS00907,10,3,0.3,0,17.6,3.6,2,2,1,2,20.7,12.8,0,train
FS01118,4,1,0.25,0,10.0,8.9,2,1,0,1,10.9,6.0,0,train
FS00562,4,1,0.25,0,0.9,2.2,1,0,0,1,6.6,9.8,0,train
FS00661,10,2,0.2,1,11.2,8.9,2,2,0,1,4.7,1.2,0,test
FS01188,6,2,0.333,0,12.9,10.7,1,4,0,1,13.3,4.0,0,train
FS00988,7,1,0.143,1,3.8,3.1,0,1,0,0,13.4,10.8,0,train
FS00280,4,1,0.25,0,16.8,5.4,2,4,0,1,28.2,-17.5,1,train
FS01162,6,1,0.167,0,7.3,1.7,1,1,0,0,17.7,18.5,0,train
FS00377,4,1,0.25,0,10.8,0.0,1,0,0,0,3.7,-3.5,0,val
FS00291,9,7,0.778,1,121.4,29.0,41,41,0,1,34.0,-14.4,1,train
FS01020,8,2,0.25,0,15.6,9.5,2,4,1,2,19.2,4.4,0,train
FS00414,6,2,0.333,0,10.1,9.6,2,0,0,2,18.4,-2.8,0,test
FS00230,4,3,0.75,1,55.4,17.2,23,12,0,2,31.1,-23.7,1,train
FS00421,4,1,0.25,0,0.0,5.2,0,2,0,0,6.0,2.5,0,train
FS00510,8,2,0.25,0,14.2,3.6,2,3,0,2,10.4,16.6,0,train
FS00922,10,2,0.2,1,10.7,3.2,4,2,1,1,14.5,-4.4,0,train
FS00982,10,1,0.1,0,6.5,2.3,1,3,0,1,6.7,8.3,0,train
FS00832,7,1,0.143,0,13.5,1.8,0,0,0,0,19.6,12.1,0,test
FS00545,7,1,0.143,0,10.8,2.6,0,2,0,1,7.6,13.4,0,train
FS01061,4,1,0.25,0,4.7,7.7,1,1,0,1,21.8,-4.4,0,train
FS00412,10,2,0.2,0,12.5,5.6,3,3,0,2,16.1,8.2,0,val
FS00453,8,1,0.125,0,3.3,4.5,0,1,0,1,12.6,1.7,0,train
FS00980,8,1,0.125,0,1.1,9.1,1,0,0,0,11.8,-2.7,0,train
FS00117,10,7,0.7,0,122.3,27.4,45,27,0,0,31.4,-12.3,1,test
FS01171,10,1,0.1,0,7.6,3.6,1,1,0,0,15.2,11.5,0,test
FS00321,6,5,0.833,0,86.8,18.3,26,18,0,3,28.8,-18.7,1,train
FS01175,10,2,0.2,0,19.7,8.8,1,2,0,1,24.4,15.3,0,test
FS00984,4,1,0.25,0,7.9,1.4,0,3,0,1,14.0,-4.6,0,val
FS00099,5,5,1.0,1,94.9,19.4,27,18,1,0,33.9,-5.3,1,train
FS00123,10,8,0.8,1,142.9,32.5,33,31,0,0,29.8,-11.0,1,train
FS01169,7,2,0.286,1,5.9,10.0,4,2,0,0,16.0,2.1,0,test
FS00828,6,2,0.333,1,10.7,3.9,2,1,0,0,5.7,-1.1,0,val
FS01121,6,2,0.333,0,14.1,6.1,2,2,1,1,9.4,-0.0,0,train
FS00116,9,6,0.667,1,107.8,24.0,25,22,1,2,34.3,-20.8,1,train
FS00586,6,2,0.333,1,15.3,10.8,2,2,0,0,14.2,-11.7,0,train
FS01157,8,2,0.25,0,11.5,5.6,3,2,0,2,2.3,6.2,0,val
FS00972,9,1,0.111,0,3.5,6.9,1,2,0,0,23.3,-1.2,0,train
FS00945,8,1,0.125,0,10.1,4.8,1,1,0,1,25.8,-3.0,0,test
FS01016,8,1,0.125,0,4.2,3.5,1,1,0,1,16.6,4.1,0,test
FS01009,4,1,0.25,0,7.9,0.1,0,1,0,0,6.7,9.1,0,train
FS00978,4,1,0.25,0,4.4,7.3,0,0,1,0,10.6,10.8,0,train
FS00541,4,1,0.25,1,9.5,2.3,1,1,0,0,17.5,4.2,0,val
FS00030,7,5,0.714,1,94.7,21.4,32,20,0,0,29.2,-22.0,1,train
FS00458,7,2,0.286,1,14.8,3.0,5,4,0,1,8.1,9.5,0,train
FS00610,4,1,0.25,0,5.9,6.4,1,0,0,0,26.7,10.8,0,test
FS00251,5,2,0.4,1,35.1,13.7,8,9,0,1,41.2,-6.7,1,test
FS00341,8,7,0.875,0,126.9,26.0,27,23,1,3,28.1,-9.5,1,train
FS00075,5,4,0.8,1,54.9,16.5,31,20,0,2,35.0,-13.3,1,test
FS00245,6,5,0.833,1,86.0,20.6,28,27,0,0,28.5,-15.4,1,val
FS01125,5,1,0.2,0,3.6,4.2,0,0,0,1,7.4,1.4,0,train
FS00556,7,1,0.143,0,8.6,6.2,1,1,0,0,15.8,-7.1,0,train
FS00894,9,3,0.333,1,13.6,7.5,3,2,0,1,11.6,1.9,0,train
FS00303,7,7,1.0,1,142.8,27.8,33,34,0,1,30.8,-5.3,1,test
FS01108,4,1,0.25,0,6.9,4.8,0,3,0,0,14.2,-0.3,0,train
FS00446,7,1,0.143,0,8.2,2.8,2,0,0,1,16.3,-6.3,0,train
FS00025,4,4,1.0,1,64.5,18.7,23,12,0,1,38.2,-16.6,1,train
FS01180,10,1,0.1,0,4.4,4.5,0,1,0,1,13.2,1.4,0,train
FS00958,8,2,0.25,0,11.3,7.0,1,4,0,1,12.3,-5.6,0,train
FS00843,9,3,0.333,1,12.0,11.6,3,3,0,1,24.3,11.6,0,train
FS00020,7,6,0.857,1,110.9,19.9,24,21,1,3,24.4,-16.4,1,train
FS00211,5,4,0.8,0,62.7,16.2,22,14,0,0,25.1,-4.7,1,test
FS00133,10,8,0.8,0,154.6,32.3,42,33,1,2,46.0,-31.0,1,test
FS00975,6,1,0.167,0,9.5,5.5,2,2,0,1,14.7,3.1,0,train
FS00638,4,1,0.25,1,8.8,0.0,1,0,0,0,6.8,12.0,0,train
FS01075,10,1,0.1,1,0.0,1.4,0,1,0,1,19.6,7.1,0,train
FS00740,5,1,0.2,0,4.3,4.6,5,1,0,0,15.5,4.6,0,train
FS00037,8,5,0.625,1,84.8,18.4,27,16,1,0,18.8,-14.8,1,train
FS00764,6,1,0.167,0,2.2,2.5,1,0,0,0,12.7,8.9,0,train
FS00760,4,1,0.25,0,4.9,8.8,1,0,0,1,18.2,13.4,0,train
FS01035,5,1,0.2,0,7.3,5.9,1,1,0,0,15.2,-1.8,0,val
FS00172,5,2,0.4,1,39.7,14.6,20,17,0,0,23.5,-16.0,1,test
FS00642,10,2,0.2,1,11.4,9.9,2,3,0,2,13.1,13.7,0,val
FS01122,8,2,0.25,1,11.1,10.6,0,4,0,0,0.4,3.2,0,train
FS00810,7,1,0.143,0,0.3,3.1,3,3,0,0,7.0,-1.4,0,train
FS00531,7,1,0.143,0,6.1,6.3,0,0,0,1,29.3,10.6,0,val
FS01096,4,1,0.25,0,9.3,5.9,0,1,0,1,17.0,4.5,0,train
FS00606,5,1,0.2,0,4.6,1.4,4,1,0,1,7.9,-4.6,0,train
FS00558,9,2,0.222,0,4.0,3.6,3,2,0,2,6.1,-3.7,0,train
FS00167,8,8,1.0,1,139.6,30.4,44,25,0,1,27.6,-3.9,1,test
FS00679,5,1,0.2,0,5.2,2.5,2,0,0,1,11.7,6.7,0,train
FS00090,10,7,0.7,1,129.0,32.3,46,29,1,2,31.0,-16.7,1,train
FS00428,6,1,0.167,0,7.9,1.3,1,0,0,0,3.1,-4.1,0,train
FS00006,7,5,0.714,1,84.3,15.6,25,17,0,3,26.2,-13.5,1,train
FS00024,8,7,0.875,1,112.0,33.4,41,18,1,3,36.3,-40.6,1,train
FS00094,5,2,0.4,1,38.5,7.6,9,10,0,2,27.3,-11.5,1,test
FS00434,10,2,0.2,0,15.1,11.4,4,0,0,1,11.9,-6.7,0,train
FS00244,10,8,0.8,1,157.2,34.3,43,45,0,1,46.6,-11.9,1,train
FS00154,10,9,0.9,1,161.1,35.9,60,37,0,0,14.9,-11.8,1,train
FS00603,9,2,0.222,0,10.3,5.5,3,1,0,0,24.8,-3.1,0,train
FS00177,5,2,0.4,1,37.7,3.9,14,12,1,0,27.0,-14.1,1,val
FS00527,5,1,0.2,0,6.9,5.2,1,0,0,0,22.0,1.8,0,test
FS00091,7,7,1.0,1,136.0,30.0,52,31,0,1,42.5,-18.9,1,train
FS01065,9,1,0.111,1,7.9,4.4,0,1,0,0,14.1,6.7,0,train
FS00611,7,1,0.143,1,11.8,10.2,2,1,0,1,19.3,1.4,0,val
FS00142,5,4,0.8,1,71.5,11.2,25,11,0,1,22.6,-26.6,1,train
FS00277,9,7,0.778,1,132.2,24.5,40,24,0,1,22.2,-30.1,1,train
FS00648,10,2,0.2,0,15.6,12.5,3,3,0,2,11.7,-11.0,0,test
FS00004,8,5,0.625,1,94.0,19.3,23,27,1,1,37.8,-19.3,1,val
FS00917,6,1,0.167,0,11.1,4.2,3,0,0,1,8.4,-3.0,0,train
FS01046,6,2,0.333,0,12.8,8.8,5,0,0,2,9.1,-10.0,0,train
FS00867,8,1,0.125,1,0.0,4.1,2,1,0,1,18.4,8.4,0,train
FS00162,5,4,0.8,1,74.8,13.9,28,21,0,0,15.1,-25.9,1,val
FS01102,5,1,0.2,0,2.9,6.3,3,0,0,1,6.9,-4.4,0,train
FS00673,4,1,0.25,1,7.8,3.8,1,1,0,1,19.0,-3.5,0,train
FS00857,5,1,0.2,1,3.9,2.4,0,0,0,1,24.5,6.3,0,train
FS00346,4,3,0.75,1,56.0,17.9,24,11,0,3,31.3,-7.7,1,train
FS00203,5,4,0.8,1,78.4,12.6,25,15,0,2,32.9,4.1,1,train
FS00148,8,5,0.625,1,85.1,17.5,32,25,1,0,49.7,-8.2,1,train
FS00863,5,1,0.2,0,5.9,0.6,0,0,0,1,5.2,-6.8,0,train
FS00366,8,7,0.875,0,108.4,24.8,33,25,0,2,37.1,-17.4,1,train
FS00066,9,8,0.889,0,130.8,34.6,49,31,1,2,31.2,-35.9,1,val
FS00776,4,1,0.25,1,13.0,7.3,0,3,0,0,5.2,18.6,0,test
FS00452,4,1,0.25,0,2.4,6.3,3,0,0,0,19.7,10.2,0,val
FS01015,9,2,0.222,1,12.4,6.8,3,2,0,2,11.4,-7.2,0,val
FS00765,9,3,0.333,0,21.1,8.0,5,3,0,0,9.3,10.3,0,train
FS00225,9,8,0.889,1,146.2,27.8,44,25,0,1,12.0,-16.8,1,train
FS00299,4,2,0.5,1,36.5,9.4,12,9,0,2,27.8,-30.4,1,train
FS00254,5,4,0.8,1,68.4,14.5,15,15,0,0,36.8,-31.7,1,val
FS00441,4,1,0.25,0,11.5,0.7,1,1,0,0,19.2,20.0,0,train
FS00418,9,3,0.333,1,12.7,11.5,5,1,0,1,6.7,15.6,0,train
FS01083,9,2,0.222,0,12.0,7.3,1,1,0,2,6.5,11.8,0,train
FS00437,8,2,0.25,0,8.2,4.5,4,5,0,0,14.1,-2.8,0,test
FS00831,4,1,0.25,0,2.4,4.9,1,4,1,1,11.7,-3.7,0,train
FS00150,10,8,0.8,1,143.2,31.6,40,45,0,1,30.5,-22.6,1,val
FS00493,7,1,0.143,0,2.5,4.6,0,3,0,1,11.3,6.2,0,train
FS00734,10,2,0.2,0,16.0,5.1,2,2,0,2,18.0,6.0,0,train
FS00309,7,4,0.571,0,71.6,20.9,31,15,1,2,29.9,-22.6,1,train
FS00985,6,2,0.333,0,11.7,5.2,1,1,0,0,21.9,-15.0,0,train
FS01069,6,1,0.167,0,2.7,5.0,3,2,0,1,24.9,4.4,0,test
FS00733,4,1,0.25,0,11.9,6.8,1,2,0,0,14.7,8.7,0,train
FS00829,4,1,0.25,0,12.7,4.7,2,2,0,0,10.0,20.0,0,train
FS00139,5,5,1.0,0,80.9,14.8,28,14,0,2,48.4,-9.4,1,train
FS00249,5,3,0.6,1,35.7,15.3,10,17,1,2,33.6,-7.9,1,test
FS00050,4,1,0.25,1,25.4,8.7,5,4,1,1,24.1,-24.8,1,train
FS00595,4,1,0.25,1,0.7,5.1,1,1,0,0,7.5,-0.3,0,val
FS00732,7,1,0.143,0,12.8,0.4,1,1,0,0,6.2,15.7,0,val
FS00044,5,5,1.0,1,88.6,16.0,25,24,0,1,33.0,-28.6,1,train
FS00696,5,1,0.2,0,0.0,0.0,1,0,0,1,14.6,7.1,0,train
FS00385,4,1,0.25,0,3.1,9.9,1,3,0,0,19.1,-8.2,0,train
FS00616,6,1,0.167,0,4.1,5.4,1,1,0,1,13.6,9.7,0,val
FS00990,5,1,0.2,0,10.6,2.2,1,1,0,0,2.3,3.4,0,train
FS00436,10,2,0.2,0,9.9,9.8,2,2,0,1,13.0,-15.0,0,train
FS01014,5,1,0.2,0,13.7,6.1,2,1,0,0,16.3,-11.9,0,train
FS00866,7,2,0.286,1,18.2,8.1,4,5,0,1,8.6,-5.8,0,val
FS01008,7,2,0.286,0,17.4,5.1,2,3,0,1,19.1,-1.7,0,train
FS00921,7,1,0.143,1,0.6,3.9,0,0,0,1,15.1,15.1,0,test
FS00607,10,1,0.1,0,3.6,5.0,3,2,0,1,24.5,-5.1,0,train
FS01200,5,1,0.2,0,4.0,4.9,0,1,0,1,25.5,4.8,0,train
FS00830,6,1,0.167,0,1.1,7.4,1,1,0,0,0.7,-5.6,0,train
FS00548,8,2,0.25,0,15.1,11.2,3,2,0,0,13.6,-3.3,0,test
FS00055,6,6,1.0,1,121.9,20.3,28,23,0,0,37.7,-29.0,1,val
FS00674,6,2,0.333,0,11.4,6.8,1,2,0,0,18.3,1.6,0,val
FS00038,9,6,0.667,1,118.8,27.5,23,29,0,2,25.9,-8.1,1,test
FS00824,7,2,0.286,0,7.7,4.2,1,3,0,0,17.8,1.8,0,train
FS00542,9,2,0.222,1,14.4,6.6,1,1,0,0,25.5,2.5,0,train
FS00969,7,2,0.286,0,14.7,5.9,2,2,0,0,24.4,-2.5,0,train
FS00296,6,6,1.0,1,100.4,26.9,32,25,0,0,26.9,-12.9,1,train
FS00667,6,1,0.167,0,1.8,1.0,2,1,1,0,2.5,-10.2,0,test
FS00462,4,1,0.25,0,11.4,3.8,3,3,0,0,19.9,7.3,0,val
