age,income,credit_limit,transaction_amount,num_transactions_30d,account_age_months,num_prev_disputes,merchant_category,country_match,time_of_day_hour,is_weekend,card_present,distance_from_home_km,is_fraud
59,85500,41581,2166,63,31,4,retail,1,12,1,1,7,0
72,78394,21401,2604,57,93,3,retail,1,0,0,1,42,1
49,45079,10130,671,51,9,2,food,1,7,0,1,66,0
35,61220,18516,2482,56,15,3,online,1,4,0,1,38,1
63,66874,18444,2687,27,94,4,retail,1,5,0,1,21,0
28,38859,5528,2318,32,154,0,food,1,22,0,1,190,0
41,75460,26888,96,9,138,1,electronics,1,19,0,1,60,0
59,56419,10517,2522,68,29,2,online,0,13,0,1,89,0
39,143865,50041,2952,46,80,4,electronics,1,21,1,0,2,1
43,33705,12136,2783,67,36,2,retail,1,22,0,1,13,0
31,67880,10915,2514,26,84,3,online,1,10,0,1,23,0
31,48236,6007,3320,8,109,2,food,1,5,1,1,10,0
44,112955,46571,1710,6,118,4,retail,1,10,0,1,3,0
73,110514,31377,3680,24,37,1,online,1,12,0,1,12,0
56,128145,15795,2710,48,86,1,online,1,11,1,1,38,0
60,40358,20096,3639,45,71,2,electronics,1,21,0,1,59,0
44,124713,15353,4600,13,151,0,retail,1,1,0,1,74,1
23,119914,45329,1657,69,169,2,food,1,20,0,1,2,0
42,127870,63100,3328,25,232,3,food,1,2,0,1,27,1
73,101918,19942,3697,20,93,1,retail,1,22,0,1,6,0
22,144179,22621,606,66,80,1,retail,1,3,1,1,28,0
44,141243,20982,4555,74,102,1,travel,1,16,0,1,28,0
64,39596,8762,494,45,156,0,electronics,1,21,0,1,34,0
50,58572,8224,655,47,176,0,retail,1,5,0,1,111,0
58,103757,39102,3099,63,166,4,retail,1,6,1,0,81,0
22,26279,3282,4767,76,159,2,travel,1,14,1,1,50,0
41,88197,26791,4863,77,14,2,travel,1,10,0,1,108,0
53,136496,68067,4394,55,117,3,online,1,23,1,1,56,0
32,87516,37245,730,75,225,1,food,1,2,1,1,85,0
42,32083,11103,4743,19,73,0,electronics,1,5,0,1,41,0
64,145674,32412,508,35,91,3,online,1,1,0,1,37,0
45,145307,50793,4739,53,216,3,retail,1,13,0,1,64,0
69,134397,41772,1683,26,205,0,travel,1,8,1,0,0,0
47,42771,11566,3077,14,90,2,food,1,17,1,1,58,0
62,54975,8371,124,45,29,1,online,1,18,0,0,136,0
48,70648,32119,2989,44,179,2,food,1,11,0,1,62,0
36,73285,20513,4779,65,49,3,travel,1,12,0,1,1,1
35,44063,7836,1746,51,171,1,online,1,11,1,1,23,0
67,92642,22892,3621,43,220,4,online,1,11,1,1,82,1
71,115093,30574,2263,23,220,3,food,0,17,0,1,159,1
64,139390,60079,2304,56,72,2,travel,1,8,0,1,23,0
72,111143,43728,3640,19,215,2,retail,1,16,0,0,92,1
23,62599,25522,156,76,221,2,online,1,20,0,0,99,0
57,76920,8031,3992,55,133,0,retail,1,15,0,1,6,0
71,53529,14263,3463,60,42,3,travel,1,16,0,1,93,0
27,60954,17831,4517,59,135,1,online,1,20,1,0,19,0
41,52856,5691,2420,33,42,2,online,1,23,0,1,44,0
29,27573,5622,146,19,164,2,retail,1,7,1,1,38,0
59,103344,41762,3370,28,105,0,electronics,1,10,0,0,54,0
38,60367,9347,3015,52,27,1,retail,1,23,0,1,67,0
24,127337,39999,3562,49,58,3,retail,1,1,1,1,29,1
45,131732,24512,28,37,46,4,electronics,1,7,0,1,109,0
34,124608,13064,2252,26,66,0,travel,1,11,0,1,82,0
70,85774,16852,458,40,25,3,travel,1,20,0,1,76,0
29,48752,23905,1958,38,73,4,online,1,0,0,1,30,0
46,80029,33661,955,77,117,2,food,1,22,0,0,1,0
73,42685,20652,4246,54,155,2,food,1,12,1,1,33,0
22,76693,22635,1930,22,129,1,online,1,21,1,1,114,0
40,141739,20395,2987,16,87,4,food,1,20,1,1,10,1
48,80961,25841,4198,28,74,2,retail,1,16,0,0,202,1
67,131937,37173,4025,35,170,2,retail,1,13,1,0,82,0
27,149956,65642,248,60,180,1,electronics,1,13,1,0,61,0
64,101908,14188,214,45,153,3,electronics,1,15,0,1,56,0
28,99532,29391,2617,46,182,2,online,1,16,0,0,44,1
67,106994,17121,4350,72,125,0,online,0,5,0,1,63,1
55,81133,18650,4937,55,67,0,online,1,6,1,1,27,0
34,122425,48350,3398,26,6,3,retail,1,0,0,1,93,1
37,86268,25052,2982,25,125,4,food,1,14,1,1,59,0
56,117201,29341,4400,65,58,1,online,1,19,0,0,73,0
70,63243,16303,2697,6,70,0,online,1,20,1,1,78,0
60,82384,23378,4961,23,53,0,retail,0,17,0,1,4,1
24,56653,23454,4176,64,66,3,retail,1,12,0,1,2,1
22,51657,23598,1358,43,58,4,retail,0,23,0,1,80,1
26,64952,31315,4410,23,82,4,food,1,1,0,1,15,1
74,47180,19568,826,30,87,3,online,1,18,1,1,43,0
62,122432,27689,830,77,2,0,travel,1,14,1,1,29,0
24,146829,55098,202,18,204,1,travel,1,11,0,1,1,0
74,103411,28442,1786,79,150,0,online,1,14,0,0,2,0
49,26622,5374,3655,21,37,4,online,1,17,0,0,87,1
38,73756,32183,4634,57,148,0,online,1,13,0,0,46,0
46,65809,7592,260,23,103,1,online,1,5,0,0,37,0
64,41725,19222,1798,45,24,2,food,1,11,1,1,144,0
54,86396,24587,3710,44,112,0,travel,1,19,1,0,9,1
30,76226,27051,2473,47,212,3,electronics,1,22,0,1,14,0
56,131296,47757,1177,40,65,2,travel,1,5,0,1,70,0
34,106182,48636,3903,51,193,3,travel,1,8,0,1,74,1
51,107565,38149,1106,42,209,3,retail,1,3,0,0,25,1
68,54402,18799,2689,7,129,3,online,1,16,0,1,150,0
35,29263,3706,1857,50,117,0,online,1,1,0,1,139,0
28,148489,45640,3914,48,116,4,online,1,15,0,1,0,1
34,121523,19451,514,6,237,2,retail,1,23,0,1,9,0
43,71828,28370,1631,9,222,1,food,1,13,0,0,85,0
60,145824,44460,2482,57,105,4,food,1,7,0,1,20,1
41,72924,27134,2556,31,239,0,electronics,1,13,0,1,5,0
36,99182,11571,1397,21,3,3,food,1,1,1,0,76,0
65,118065,15810,3004,40,46,1,food,1,15,0,1,30,0
38,84052,32488,3826,45,55,2,online,1,3,1,1,33,0
67,36664,4723,727,77,75,4,travel,0,0,0,1,10,0
73,60737,7804,3494,49,216,4,food,0,22,0,1,54,1
44,126332,13245,4444,20,214,1,food,1,19,0,0,40,0
46,114563,55288,668,17,192,0,retail,1,13,0,0,11,0
45,54373,21477,4018,28,236,2,electronics,1,7,1,0,20,0
65,142369,34353,4534,41,45,1,retail,1,2,0,1,45,0
61,61397,13422,4244,66,154,3,online,1,4,0,1,129,1
49,111145,26661,3774,25,77,2,travel,1,5,0,1,126,0
35,126371,51794,2999,58,193,4,electronics,1,21,0,1,16,1
65,63709,23225,4647,41,24,1,retail,1,7,1,1,66,0
21,141074,24557,2114,6,202,4,food,1,5,0,1,74,1
45,86120,14609,1265,75,35,4,food,1,5,0,1,82,0
27,44250,6166,2492,38,24,4,electronics,1,3,0,1,42,1
29,46172,16812,393,6,28,0,food,1,6,1,1,0,0
44,36555,14832,2617,45,228,4,retail,1,23,0,1,71,0
21,112410,23158,203,75,208,3,retail,1,18,0,1,5,0
64,103617,11229,3817,14,232,3,food,1,6,0,1,6,1
28,78276,10400,3729,66,16,2,food,0,2,1,0,46,1
44,82492,40185,2591,40,59,4,online,1,7,0,1,205,1
31,78002,17018,2575,3,209,4,travel,1,0,0,1,13,1
71,145103,59156,2773,24,182,1,electronics,1,0,1,1,51,1
37,149938,52458,2808,19,207,0,retail,1,13,1,1,18,0
28,114599,28967,2349,18,144,2,electronics,1,5,0,0,114,0
55,97355,17745,3416,64,15,4,online,1,9,1,1,45,0
55,116248,17269,741,35,226,1,retail,1,13,0,0,11,0
53,49762,17217,2882,62,11,0,online,1,3,1,1,15,1
25,36046,14773,3130,1,193,2,online,1,5,0,0,28,1
62,121999,43622,4790,25,79,2,food,1,15,0,0,6,0
59,149130,46546,4187,45,218,4,electronics,1,20,1,1,4,1
61,141021,16468,2614,49,115,2,electronics,1,0,1,1,56,1
48,53769,26206,2392,16,68,1,food,1,5,0,1,26,0
27,78302,32846,541,19,43,2,electronics,1,8,1,1,64,0
29,48150,10454,4326,23,69,3,food,1,14,0,1,5,1
28,93247,45876,644,25,227,1,retail,1,11,1,1,47,0
32,29853,10172,1779,16,141,0,online,1,2,0,1,29,0
54,119613,39827,3814,54,138,0,online,1,10,0,1,2,0
53,145900,58247,2380,73,75,4,electronics,0,14,0,0,39,1
68,114399,48586,12,1,210,4,travel,1,2,0,1,4,0
43,46792,16966,215,42,226,3,online,1,13,0,1,87,1
44,84129,12723,4145,19,103,0,food,1,1,0,0,49,0
57,131019,30829,2631,34,41,0,travel,1,3,0,1,40,0
55,99478,46877,4749,55,234,0,travel,1,18,1,1,7,1
64,138811,26352,2900,18,178,0,online,1,11,0,1,16,0
60,139130,34624,3203,34,215,2,online,1,1,0,0,33,1
42,92298,25181,2676,45,199,1,online,1,16,0,1,50,0
47,56987,15714,3316,6,59,1,food,1,2,0,1,10,0
55,40850,14100,907,21,39,3,travel,1,9,0,1,0,0
21,37112,17710,1095,70,3,2,electronics,1,15,0,1,21,0
55,146789,28811,1289,48,204,0,food,1,21,0,1,32,0
57,49058,7290,680,39,7,0,retail,1,8,0,1,10,0
67,70420,12604,1515,31,49,4,online,1,10,0,1,33,1
34,63890,29055,3585,10,26,4,travel,1,20,0,0,20,1
23,91017,32613,4824,30,161,3,food,1,14,1,0,30,1
21,72304,15499,1965,18,101,0,retail,1,2,0,1,21,0
25,57921,24696,259,60,176,3,food,1,15,1,1,49,0
46,130921,58200,1902,73,79,2,food,1,20,0,1,2,0
34,26524,11633,3449,15,2,1,electronics,1,20,1,1,9,0
59,125424,58644,1863,4,233,0,electronics,1,20,0,1,28,0
47,40048,8045,2864,63,127,2,food,1,11,0,1,22,0
29,60111,24165,1513,40,199,0,retail,1,22,1,1,24,0
35,62904,17878,3395,9,160,4,travel,0,4,0,0,81,1
35,79912,34905,3581,9,132,3,travel,1,6,0,1,108,0
46,59008,23095,3802,26,20,4,online,1,8,0,0,14,1
62,25060,10289,3436,4,117,1,online,1,20,1,1,90,1
33,99666,36125,53,16,164,4,travel,1,17,0,1,30,0
71,108559,18560,3622,15,32,0,food,1,20,0,1,15,0
52,80337,25548,2628,52,28,4,food,1,7,0,0,211,1
59,135616,66976,4688,69,77,0,electronics,0,11,0,1,87,1
69,38350,18214,3173,5,1,1,electronics,1,19,1,1,257,0
72,49354,5787,1298,20,188,4,online,1,1,0,1,9,0
52,70186,11645,2952,79,56,3,travel,1,9,1,1,7,1
24,53145,8114,229,18,35,3,food,1,18,0,1,34,0
50,59020,23040,1935,2,112,3,travel,1,8,0,1,50,0
57,111123,47462,2982,13,30,4,retail,1,23,0,1,9,1
43,131667,24411,3523,4,54,4,travel,1,7,0,1,98,1
59,100186,30290,2458,42,36,4,retail,1,23,0,1,37,0
65,110469,48195,3481,74,183,0,electronics,1,23,0,1,26,1
35,45581,17918,2784,61,217,1,electronics,1,23,0,1,46,0
63,113929,36103,1000,8,80,3,online,1,0,0,1,50,1
49,48051,16151,2956,67,58,0,travel,1,5,0,1,2,0
56,76474,23197,1822,63,83,3,travel,1,11,0,1,456,0
33,116748,25570,4963,9,65,0,retail,1,23,0,0,22,0
52,139618,45516,813,11,69,4,electronics,1,18,0,1,3,0
27,94626,35537,499,42,128,3,retail,0,16,0,1,95,1
71,31960,14360,3566,13,51,4,electronics,1,1,0,1,248,1
42,60772,21544,1503,36,22,3,retail,1,10,1,1,84,0
48,46520,18814,3655,13,216,2,electronics,1,17,0,1,95,0
22,74481,12217,2901,12,107,0,retail,1,22,0,1,49,0
62,61408,17478,1715,37,109,2,electronics,1,21,0,0,127,0
65,119006,12344,3526,74,116,0,retail,1,10,1,0,1,0
73,82134,16317,3350,73,101,1,travel,1,17,0,0,72,1
26,45491,17768,63,52,181,3,online,1,7,1,1,55,0
48,26341,13084,2585,71,100,1,retail,1,14,0,0,2,0
48,69623,9724,3601,2,164,1,online,1,8,1,1,39,1
64,115327,30053,625,56,68,0,travel,1,14,0,1,36,0
64,25338,10642,964,60,36,2,travel,1,6,0,1,58,0
40,96431,17513,2443,23,180,4,electronics,1,19,0,1,4,1
50,37254,11997,1639,40,181,0,online,1,12,1,1,81,0
31,76860,30223,2791,64,210,4,food,1,12,1,1,7,1
48,36344,12589,659,23,178,1,electronics,1,0,0,1,27,0
45,26750,4686,2357,29,208,4,online,1,19,0,0,106,0
59,79756,19313,4500,78,169,2,retail,1,3,0,1,41,0
53,92957,38439,3288,51,146,0,retail,1,23,0,1,23,0
21,130423,41955,2650,69,22,2,travel,1,3,0,1,2,0
47,83053,8479,3811,31,66,2,food,1,3,0,0,55,0
72,95855,38763,2571,50,21,0,retail,1,12,1,1,215,0
33,40896,4667,3259,20,100,2,online,1,1,0,1,121,0
61,80761,32166,380,55,128,3,online,1,22,0,0,63,1
23,87552,15846,867,2,44,3,retail,1,14,0,1,5,0
59,145075,70104,4896,25,103,3,online,1,3,1,1,13,1
26,102454,25324,4763,13,47,4,online,1,5,1,1,10,0
28,143681,33157,393,70,39,2,travel,1,2,0,1,21,0
47,115600,18444,3887,67,29,0,food,1,6,1,0,13,0
29,147732,32832,2562,58,54,0,travel,1,5,1,1,14,0
57,137153,61809,4344,75,90,4,food,1,2,0,0,47,0
53,147926,73746,4300,64,85,0,online,0,3,0,0,19,1
71,52935,13092,2735,69,17,3,food,1,9,1,1,56,0
62,62641,17504,4044,59,80,2,online,1,20,0,1,147,0
64,54711,21273,3303,60,188,0,online,1,8,0,0,50,0
44,95342,43330,4261,62,159,0,travel,1,5,0,1,69,0
35,131896,44477,3998,16,73,1,travel,1,19,0,1,69,0
74,37182,9541,932,68,223,1,electronics,1,10,1,1,20,0
52,112833,29906,2925,15,206,1,retail,1,6,0,0,0,1
52,81276,30742,2960,55,49,2,electronics,1,17,0,0,2,0
44,44541,4511,3056,35,101,3,electronics,1,3,1,1,16,1
61,119457,41551,984,55,2,3,food,1,4,0,1,58,1
72,107310,25990,1240,14,176,3,online,1,3,0,0,118,1
69,69813,29159,2445,49,238,2,online,1,3,1,0,159,1
69,62198,8533,1824,7,142,2,online,1,12,0,1,1,0
72,33820,11339,2944,30,59,1,retail,1,15,0,0,230,1
32,49070,14347,4943,49,97,0,food,0,13,0,1,19,0
59,94768,33825,1373,16,99,4,food,1,10,0,1,92,0
22,36122,4549,3950,51,186,4,online,1,1,1,0,9,1
23,105559,35044,213,72,103,0,electronics,1,21,0,1,3,0
69,98543,31986,170,42,186,1,retail,1,13,0,1,23,0
57,108441,35163,4497,17,239,0,electronics,1,23,0,1,97,0
69,66786,22800,778,63,179,0,travel,1,23,0,1,12,0
37,119934,44446,3758,45,212,4,food,1,6,1,0,8,0
69,124804,52666,2591,77,2,1,food,1,10,1,1,120,0
22,31737,6599,1103,7,41,2,electronics,1,3,1,1,139,1
22,61062,26257,4510,27,211,4,retail,1,6,0,1,0,0
48,79237,23715,617,10,123,2,food,1,15,0,0,64,0
74,76571,10017,1550,34,229,1,electronics,1,5,0,1,18,0
43,50510,6233,2885,36,82,0,retail,1,5,1,1,23,0
57,44426,10382,3201,25,144,3,electronics,1,1,1,1,31,1
52,62265,25775,1847,6,132,3,retail,1,23,0,1,27,0
53,42850,16414,699,24,140,1,online,1,7,0,1,36,0
21,143249,59512,3769,18,29,3,retail,1,6,0,1,43,0
39,91150,27974,2959,6,135,2,travel,1,23,0,0,31,1
22,112312,31007,2113,29,14,3,online,1,13,1,1,60,1
73,114613,18221,375,25,12,1,electronics,1,8,0,1,63,0
64,99910,23106,3585,55,99,1,online,1,14,0,1,29,0
46,77375,21170,4560,46,133,2,online,1,21,0,1,7,1
52,146826,19886,4209,24,81,3,electronics,1,17,1,1,51,1
26,60435,11376,4182,75,106,3,electronics,1,11,0,1,74,0
52,121443,41204,4335,26,32,0,travel,1,22,0,1,50,0
24,82132,32381,2388,28,74,4,electronics,1,18,0,1,44,0
31,103945,51903,1215,3,171,1,food,1,12,0,1,13,0
37,107050,50660,4998,75,81,0,food,1,6,0,1,51,0
58,120402,42986,3849,38,69,1,travel,0,9,1,1,20,1
44,27983,7513,2745,61,45,0,retail,1,9,0,1,126,1
25,122241,43330,3357,78,106,4,retail,1,1,0,1,53,1
72,45662,18915,1685,51,137,0,food,1,13,0,0,16,0
54,48510,7147,308,48,177,1,electronics,1,12,0,1,32,0
26,103187,27237,966,21,161,3,travel,1,21,0,1,93,0
42,65998,28769,1124,54,228,1,retail,1,5,0,0,20,1
31,81846,20750,2515,56,100,2,retail,1,8,0,1,37,0
68,119071,39144,1484,59,146,2,online,1,12,0,0,56,0
36,31640,10602,4470,72,9,2,food,0,8,0,1,70,1
53,69547,12086,4456,51,62,2,electronics,0,12,1,1,9,1
29,79620,19498,3736,20,185,4,travel,1,4,0,1,41,0
26,40317,9426,3481,59,29,3,retail,1,13,1,0,121,0
36,140608,15534,2838,71,125,3,online,1,4,1,1,172,1
49,32564,3571,2860,9,114,1,food,0,8,0,1,53,0
23,52345,22648,2516,1,206,0,food,1,7,1,1,205,1
40,138824,29045,3780,29,153,1,travel,1,6,0,1,42,0
56,119223,36629,2974,63,143,1,retail,0,7,0,1,29,1
39,148372,32566,4604,72,134,1,travel,1,21,0,1,40,0
46,104273,49662,959,56,120,1,travel,1,2,0,1,6,0
23,99859,20343,4613,68,170,3,online,1,22,0,1,25,1
39,105765,28753,2860,35,157,0,food,0,23,0,1,30,0
40,135017,60635,175,3,79,1,electronics,1,14,0,1,94,0
52,99038,43257,3496,7,93,3,food,1,7,0,1,71,0
27,148618,25925,2519,27,4,1,food,1,0,0,1,45,0
72,77393,32586,929,1,82,2,online,1,6,0,0,21,0
61,91081,25800,123,71,185,1,electronics,1,18,0,1,10,0
53,127650,37425,3514,44,177,1,retail,1,1,0,1,21,0
60,54430,8349,1001,41,172,4,electronics,0,13,0,1,56,0
59,100532,13294,3849,75,231,2,retail,1,17,0,1,15,0
38,52788,20649,1268,42,208,0,electronics,1,14,1,1,27,0
60,120505,35980,3436,33,75,1,travel,1,13,1,1,24,0
21,73543,20205,524,50,14,0,electronics,1,23,0,1,72,0
31,38919,15248,4814,63,131,2,online,1,18,1,0,107,1
48,94346,38323,3206,37,114,1,retail,1,18,0,0,60,0
45,121122,19811,4444,59,62,4,food,1,21,0,1,20,0
70,64974,22356,2594,48,106,3,online,1,16,1,1,28,1
43,132309,20394,77,5,64,4,retail,1,21,0,0,7,0
51,41371,16571,1606,48,102,4,retail,1,18,1,1,9,0
50,70084,25425,4488,3,173,3,food,0,15,0,1,8,1
62,54629,26366,28,47,106,3,travel,1,19,0,1,6,0
55,76184,9719,2740,62,210,3,online,1,18,0,1,9,1
27,86916,10675,3531,14,186,1,food,1,0,0,1,11,1
36,98972,21068,582,63,20,0,food,1,18,0,0,5,0
46,87187,17845,2268,61,58,0,travel,1,6,0,0,51,0
68,37984,7550,2912,31,112,3,online,1,22,1,1,232,0
72,58039,26843,660,17,217,4,food,1,10,0,0,105,0
69,110431,22066,2597,24,57,2,travel,1,4,0,1,2,1
22,108691,22692,3272,23,230,3,online,1,16,0,1,27,1
21,83606,33756,1348,50,205,4,electronics,1,10,1,1,98,0
68,35616,9968,3644,78,196,4,retail,1,23,0,1,7,0
32,127665,52430,2837,79,119,1,travel,1,7,0,1,94,0
25,130373,16446,2227,79,206,1,retail,1,9,1,1,44,0
57,75072,22148,3549,70,97,0,electronics,1,11,0,0,133,0
52,49574,5623,1047,27,92,0,food,1,9,0,0,104,0
29,28430,3555,4393,15,52,2,food,1,12,1,0,56,0
61,144123,66667,3988,50,37,2,online,1,17,1,1,53,0
55,37676,5866,2971,36,8,2,travel,1,9,0,1,11,0
39,35816,11209,3236,8,44,2,travel,1,18,0,1,6,0
68,57733,15266,1108,79,98,4,online,1,19,0,0,26,1
36,110680,26445,2334,3,236,4,retail,1,16,0,1,10,0
23,27050,12441,949,62,133,0,food,1,19,1,1,5,0
40,134996,14678,3726,47,118,1,food,1,15,0,1,18,0
44,58933,21540,3424,77,69,1,travel,1,4,0,0,98,1
74,49951,24244,1458,61,159,3,travel,1,2,0,1,0,0
53,57413,18605,580,32,45,4,online,1,14,0,1,17,0
44,59801,28389,2914,13,137,2,electronics,0,1,1,1,27,1
72,80619,9747,2515,1,234,2,retail,1,12,0,0,35,0
31,57913,15492,927,34,32,3,electronics,1,21,1,1,10,0
69,137573,28073,1884,62,33,1,electronics,1,7,0,0,166,0
28,144076,56525,4938,79,126,2,travel,1,22,0,0,43,0
56,65600,32309,1688,78,67,1,travel,1,16,1,1,36,0
58,82775,16771,625,71,30,3,travel,1,3,1,1,0,0
60,115816,41887,4511,31,114,1,electronics,1,18,1,1,33,1
40,115093,20629,1759,64,204,1,retail,1,21,1,1,90,0
55,137590,44872,3835,25,29,1,travel,1,8,0,1,12,0
68,60400,17248,4198,38,131,2,food,1,22,0,1,21,0
45,29494,14416,2487,14,218,0,retail,1,14,1,1,1,0
55,105688,36294,4759,8,185,4,food,1,8,0,1,188,0
45,147744,35429,3515,54,30,1,retail,1,23,0,1,3,0
49,114431,16665,3485,2,137,1,travel,1,20,0,1,114,0
38,99691,16000,4539,78,154,1,online,1,8,0,0,18,0
66,122419,23275,1145,56,130,0,travel,1,13,1,1,44,0
38,133730,26797,4010,61,62,3,electronics,1,22,0,1,56,1
22,68001,29937,384,22,3,2,electronics,0,20,1,0,7,0
74,92364,29971,216,35,174,0,retail,1,15,0,1,29,0
55,149988,46399,4885,16,68,1,electronics,1,23,0,1,19,0
36,70028,10217,1329,50,25,0,travel,1,22,0,1,2,0
61,132434,58808,1151,43,179,0,food,1,16,0,0,89,0
56,122659,47729,4637,17,141,0,travel,0,12,0,1,2,1
53,62573,7950,2700,58,231,3,retail,1,8,0,0,52,1
24,25806,9887,3265,2,44,4,electronics,1,14,0,0,18,1
53,149343,47403,99,4,163,2,food,1,6,0,1,10,0
34,81638,10832,4118,39,55,3,online,1,0,0,1,54,1
41,131506,37258,3030,6,215,3,food,1,0,0,1,42,0
68,54757,16091,1867,69,137,4,food,1,4,0,1,18,0
40,59636,9918,814,69,130,3,travel,1,23,0,1,35,1
28,105097,50265,954,20,189,0,online,1,8,1,1,14,0
27,73280,32242,2799,64,41,0,retail,1,11,0,1,99,0
23,49262,18109,3885,16,172,1,retail,1,5,1,0,18,1
37,105435,30040,1620,51,64,3,food,0,12,1,1,14,1
53,87211,23085,2933,37,31,1,food,1,7,0,1,69,0
68,79842,28774,3892,73,236,2,electronics,1,14,1,1,0,0
32,81979,26083,3231,69,47,0,online,1,5,0,1,15,0
71,139524,17427,4401,42,130,2,food,1,5,1,0,23,0
42,106470,32473,4745,57,96,4,electronics,1,3,1,1,106,1
42,63197,26704,2397,66,210,0,online,1,10,0,1,150,0
66,66844,18963,4733,9,77,2,retail,1,20,0,1,63,0
50,89754,10840,951,64,110,4,electronics,1,17,0,1,33,0
58,126868,52588,4935,22,69,2,online,1,2,0,1,51,1
58,59157,10680,2576,34,58,4,electronics,1,2,0,1,26,1
65,102129,20777,985,55,106,4,food,1,11,0,0,17,0
71,65042,10789,964,29,44,0,travel,1,20,0,0,150,0
74,86665,20113,1272,38,74,1,retail,1,20,0,1,6,0
28,140512,56584,953,18,56,4,food,1,5,1,1,21,0
47,141953,43686,2212,71,171,4,food,1,20,1,1,114,0
47,107856,19624,3337,65,127,0,online,1,5,0,1,64,0
54,52376,23628,4284,1,217,1,electronics,1,7,0,1,1,0
41,134049,60567,2269,4,162,3,retail,1,14,0,1,1,1
50,80554,36106,1838,4,229,3,food,1,17,0,1,36,0
53,39199,7664,1267,27,30,1,online,1,19,1,1,33,0
48,143533,40260,474,43,71,2,retail,1,15,0,1,29,0
67,106412,52567,3304,59,198,0,electronics,0,5,0,1,18,1
53,75948,31047,1240,32,118,1,food,1,20,1,1,215,0
25,98781,10951,2664,33,55,3,food,1,16,1,1,15,1
68,97750,12324,894,28,67,4,food,1,8,0,1,33,1
39,91262,26061,3815,55,141,3,retail,1,18,0,0,25,0
24,142424,66040,3866,60,3,4,retail,1,17,0,1,9,0
55,71600,22588,3145,70,26,0,retail,1,22,0,0,11,1
69,101898,30480,934,62,57,4,retail,1,4,1,1,125,0
37,87483,12439,4599,34,126,1,online,1,5,0,1,97,0
64,43297,15704,1556,56,152,4,travel,1,11,0,1,11,0
48,55448,23778,1104,13,53,2,online,1,10,1,1,104,0
50,51172,12903,2421,56,198,1,food,1,15,1,0,11,1
49,67874,27844,2627,18,43,0,online,1,19,1,1,49,0
66,32657,15864,772,54,188,1,electronics,1,16,0,0,4,0
73,109386,19854,2333,77,186,2,retail,1,19,0,1,106,0
26,50425,15598,4155,43,49,0,electronics,1,8,0,1,2,0
55,51685,11104,2785,39,42,3,electronics,0,0,0,1,40,1
61,147000,61319,4669,61,204,2,food,1,2,0,1,75,0
57,137855,45635,4888,42,228,0,retail,1,20,0,0,6,1
44,49578,17542,3165,79,194,4,electronics,1,22,0,1,25,1
49,53831,22564,3980,18,11,1,food,1,8,1,1,2,0
69,32906,8502,2050,23,103,0,retail,1,21,0,1,57,1
66,86413,40271,593,54,98,1,travel,1,18,1,0,18,0
73,79028,24752,4341,30,218,4,food,1,12,0,0,40,0
51,32287,5268,2113,58,146,0,online,0,22,1,1,134,1
55,58660,22194,1952,68,85,3,retail,1,13,0,1,18,0
53,100758,42046,4465,67,100,2,electronics,1,19,1,1,2,0
72,85504,19384,119,71,104,0,electronics,0,18,0,1,56,0
41,84720,37520,201,18,180,4,online,1,22,0,0,77,0
52,127979,59184,913,7,46,0,online,1,6,1,1,158,0
43,59701,12582,871,40,44,1,electronics,1,3,0,1,8,1
53,108300,53436,1093,70,22,0,retail,1,11,0,1,24,0
23,135177,21126,659,65,181,3,food,1,22,1,1,92,0
38,42674,7715,4144,68,187,0,online,1,13,1,0,82,0
45,108560,18855,3621,49,222,2,online,1,1,0,1,49,0
62,136543,62481,646,52,114,0,online,1,0,0,1,15,0
51,48874,17678,1046,29,235,1,travel,1,17,0,0,16,0
74,68642,11040,4141,21,125,0,retail,1,19,0,1,6,0
23,148867,41106,2158,78,124,3,retail,1,7,1,1,127,1
60,122820,42510,3875,9,30,4,retail,1,2,0,1,9,1
66,90160,12026,3167,47,8,0,retail,1,5,0,1,42,0
44,42602,19297,3597,76,98,0,retail,1,21,1,1,43,0
70,128320,54079,3304,42,57,2,electronics,1,12,0,1,23,0
52,113801,34377,4271,51,111,3,online,1,8,0,1,21,0
67,50931,24795,2440,56,73,4,electronics,1,8,0,1,55,1
42,119377,31886,1889,51,115,1,travel,1,19,0,1,24,0
43,54192,26751,3976,70,20,0,food,0,8,0,1,14,1
22,71542,26267,3723,20,232,4,online,1,14,0,1,25,1
47,67520,23893,4136,27,25,1,travel,1,12,0,0,82,0
62,89772,14936,4116,38,19,3,electronics,1,21,0,1,169,0
22,83762,37925,2021,72,5,3,food,1,15,0,1,50,0
46,75106,20353,3383,65,75,4,travel,1,1,0,0,76,1
37,106121,17498,2153,54,207,1,food,1,13,0,1,38,0
60,50559,5310,2510,24,128,3,travel,1,5,0,1,49,1
53,130595,42300,4591,47,72,4,electronics,1,1,0,1,221,1
29,58742,18266,1299,71,211,3,food,1,7,0,1,28,0
63,94669,36707,1457,63,215,3,travel,1,3,0,1,3,1
74,105199,47981,3209,57,155,3,electronics,1,20,0,0,157,1
68,46754,6160,1953,55,40,2,online,1,23,1,1,78,0
59,28972,11374,3193,60,224,1,electronics,1,13,0,1,25,0
49,95831,16767,3226,62,26,4,electronics,1,10,1,1,201,1
62,137217,60824,3146,30,27,4,online,1,23,1,1,21,0
46,66873,28596,3328,22,190,1,electronics,1,13,0,0,23,1
55,119661,37850,2792,75,83,1,online,1,11,0,1,47,0
70,131532,50521,1000,29,128,1,online,1,15,1,1,16,0
45,34903,7879,4930,41,178,1,online,1,5,0,1,59,0
44,28020,8082,2163,42,170,0,travel,1,19,1,1,8,0
33,66755,28614,235,65,157,4,food,1,0,0,1,5,0
27,110956,31478,786,31,167,0,travel,1,11,0,1,38,0
56,111988,27226,2847,30,188,3,online,1,6,0,0,40,0
65,70648,21030,697,18,169,3,food,1,7,0,1,5,0
40,128537,55437,539,17,33,4,food,1,8,0,1,166,0
21,34516,8079,3452,38,211,3,online,1,1,0,1,42,1
28,137863,23368,2163,14,229,1,food,1,16,1,1,8,0
66,140005,53874,1304,79,211,0,food,1,19,1,1,18,0
36,27396,11790,1536,56,97,1,travel,1,12,0,1,80,0
34,109082,15299,4784,22,111,3,food,1,4,1,1,37,1
32,44129,8647,2906,67,16,0,online,1,9,1,1,10,0
71,26591,4169,3113,56,23,1,retail,1,11,1,1,5,0
43,36303,8682,2450,19,135,4,retail,1,16,0,0,28,0
35,55561,15564,4145,57,26,1,retail,1,20,1,1,20,0
48,96719,38642,3812,44,96,3,online,1,5,0,1,53,1
54,143618,51768,854,35,12,0,retail,1,2,0,1,129,0
22,117108,40797,456,1,72,4,travel,1,14,1,1,14,0
52,124616,30026,3925,52,133,0,online,1,6,0,1,96,0
43,149165,65122,3119,70,106,4,online,1,5,0,1,126,1
42,111231,32091,1244,37,220,0,online,1,3,1,1,116,0
71,32314,15886,236,65,117,3,food,1,18,0,1,151,0
45,142071,50244,4153,51,197,4,food,1,4,1,1,92,1
42,44623,6716,2969,1,177,2,food,1,2,1,1,45,0
42,92675,34333,1840,21,26,0,electronics,1,8,0,1,26,0
69,137992,31743,3789,53,133,0,travel,1,5,0,0,33,0
72,121826,45627,196,16,22,1,online,1,12,1,1,103,0
62,90082,11517,2887,61,207,4,online,1,21,0,0,17,1
26,108624,18460,2545,54,13,2,food,1,19,1,0,8,0
35,130228,57599,1942,40,156,3,online,1,3,1,0,7,1
74,58130,11095,2934,26,161,1,online,0,1,0,1,87,1
63,76756,33374,858,65,107,2,retail,1,3,0,0,71,0
57,122624,25960,2042,74,23,4,online,1,7,1,1,34,0
53,51292,18319,1262,64,97,2,electronics,1,12,0,1,16,0
28,136785,51658,1891,43,235,0,food,1,9,0,1,56,0
73,111206,33924,279,17,18,0,travel,1,17,1,1,1,0
64,94274,20940,1640,59,117,1,travel,1,8,1,1,41,0
64,27469,5083,4415,23,30,4,retail,1,0,0,1,25,1
25,78947,8942,3213,7,26,4,travel,1,12,0,1,190,1
59,47534,10532,1584,44,144,2,travel,1,17,0,1,35,0
24,88620,32015,2902,53,205,1,food,0,14,0,1,40,1
26,73874,35113,1705,71,39,4,food,1,1,1,1,62,1
65,74708,33505,3268,79,161,0,electronics,1,10,1,0,33,0
52,99553,40460,3272,34,154,2,retail,1,13,0,1,12,0
72,93344,38773,1455,46,176,3,travel,1,21,1,1,38,0
50,74138,27134,229,68,193,0,electronics,1,14,1,0,144,0
67,79302,16186,62,78,166,1,retail,1,13,0,1,26,0
55,72638,33622,1767,78,130,4,travel,1,15,0,1,56,0
60,103249,38025,1676,16,113,0,travel,0,22,1,0,190,0
72,130865,42423,2795,71,134,3,food,1,14,0,0,88,1
36,27719,4002,729,19,46,3,online,1,18,0,1,53,0
33,47890,13352,415,2,50,1,retail,0,8,0,1,66,0
70,102236,29049,2304,10,166,0,travel,1,4,0,0,137,0
62,61509,27422,81,50,106,2,retail,1,4,0,1,160,0
50,67534,21520,2063,12,216,0,electronics,1,10,0,1,173,0
39,127302,32100,1239,70,146,3,electronics,1,19,1,1,49,0
37,117241,57532,1577,22,155,1,online,0,23,0,1,24,0
39,43787,6317,3692,32,169,1,travel,1,3,1,0,7,0
48,73845,19865,2963,1,72,2,food,1,19,0,0,24,0
46,82932,9687,4492,54,220,1,travel,1,17,1,1,143,0
57,117124,46376,708,58,74,1,retail,1,2,1,1,110,0
46,116659,54506,836,70,17,1,electronics,1,3,0,1,37,0
73,58062,12310,358,18,190,1,retail,1,13,0,1,38,0
43,100713,44649,3918,6,157,1,online,0,6,0,1,18,1
29,112263,24348,317,45,186,3,electronics,1,7,1,0,30,0
32,120756,56067,3426,23,70,0,food,1,23,0,0,62,0
73,85461,34319,2344,23,206,4,electronics,1,15,1,1,25,0
21,100418,42372,4871,26,150,1,travel,1,19,0,1,10,0
21,91672,9827,4830,77,6,4,travel,1,14,0,1,38,0
67,59832,29025,2819,7,26,4,electronics,1,6,1,0,12,1
54,56966,22254,3568,79,167,3,online,1,16,0,1,183,1
52,97545,21645,4488,44,140,1,travel,1,21,0,0,24,0
74,37987,16401,3487,27,99,4,travel,1,21,1,1,120,0
68,62311,13247,4630,26,142,1,food,1,21,1,1,12,0
45,56575,25407,2696,79,22,2,electronics,1,11,0,1,10,0
60,88852,12886,2995,36,51,2,travel,1,17,0,1,47,0
65,26007,9921,285,55,151,2,online,1,23,0,0,75,1
73,95981,30356,2557,64,176,4,retail,1,13,1,1,41,1
21,101242,14033,2774,57,199,2,electronics,1,14,0,1,13,0
36,72517,14268,346,69,104,3,food,1,14,0,1,1,0
59,135022,14172,1983,61,178,3,travel,1,4,0,1,48,1
25,54257,15599,2989,2,89,4,online,1,15,1,1,7,0
42,112272,24756,4586,55,141,1,electronics,1,4,0,1,21,0
49,67207,22806,3978,38,213,0,online,1,1,1,1,56,0
23,38281,8379,920,78,233,1,online,1,19,0,1,5,0
32,86246,18971,2006,29,138,1,food,1,8,1,1,6,0
46,26435,10502,3139,26,183,1,electronics,1,21,0,1,3,0
36,123875,14772,4214,35,9,1,travel,1,8,0,1,277,0
71,125686,57961,3767,79,79,0,food,1,3,1,1,24,0
57,116357,51302,337,67,52,2,travel,1,14,0,1,118,0
42,51660,18965,1809,29,130,1,retail,0,10,0,1,17,1
49,30084,10146,324,34,153,3,online,1,0,1,1,69,0
34,107197,48980,3555,41,13,4,retail,1,17,0,1,12,1
48,38507,6705,1144,41,226,4,online,1,0,0,1,34,0
25,97595,12842,2756,23,51,3,food,1,7,0,1,87,0
67,108807,21304,4886,71,186,1,travel,0,15,0,1,84,1
69,70539,29473,1530,3,34,0,travel,1,21,1,0,79,0
50,140953,16050,165,58,35,2,food,1,17,0,1,86,0
66,32491,10823,1734,32,230,4,electronics,0,21,1,1,11,1
72,137831,68663,3353,31,131,2,retail,1,8,0,1,32,0
25,75192,33255,896,43,234,0,retail,1,11,0,1,33,0
32,105395,32522,3083,7,120,4,travel,1,18,0,1,110,0
36,148797,18667,2815,1,187,2,travel,1,17,1,0,17,0
46,88888,38448,731,61,70,0,travel,1,4,0,1,134,1
46,98609,33486,922,14,176,2,food,1,1,1,1,29,0
68,34077,4974,3367,52,192,1,electronics,1,6,0,1,55,0
41,142440,19591,880,6,147,0,retail,1,9,1,1,15,0
59,147901,68603,4118,10,67,2,online,1,14,1,1,26,1
56,45953,16896,507,71,210,1,food,1,6,1,0,61,0
53,101919,43999,1766,30,103,1,retail,1,4,1,0,35,0
50,139682,63079,1127,21,73,0,electronics,1,14,0,0,133,0
57,146041,48004,3419,60,116,3,food,1,19,1,0,66,0
43,92889,28514,2838,74,204,4,retail,1,19,0,1,41,1
30,48821,13287,1657,63,133,0,food,1,14,0,1,108,0
74,62567,14188,2993,42,67,1,retail,1,9,0,1,54,1
25,140374,38439,152,51,139,1,retail,1,23,0,1,52,0
56,49860,20420,2771,64,121,0,electronics,1,13,0,0,14,0
54,46195,15741,3445,76,94,3,online,1,9,0,0,25,1
72,102475,46832,4670,56,196,4,electronics,1,16,0,0,57,0
51,115874,32137,2441,41,197,2,retail,1,20,0,1,111,0
30,112266,38488,4522,32,129,0,food,1,13,0,1,18,0
39,46427,16366,1858,15,91,4,electronics,1,1,1,1,12,1
52,125732,42331,2706,62,92,4,online,1,15,1,1,45,1
21,52083,19846,1727,27,63,1,retail,1,12,1,1,3,0
25,112046,21845,3082,28,29,2,electronics,1,8,0,1,62,0
65,82372,25118,1077,64,210,0,electronics,1,6,0,0,60,0
24,148786,21081,2796,59,12,1,electronics,1,15,1,0,21,0
36,69064,17528,3801,58,77,1,electronics,1,9,1,1,111,0
44,32813,9682,1298,2,41,3,food,1,23,1,1,34,0
36,56598,20425,3881,36,130,4,online,1,21,0,1,51,0
22,137718,66133,1816,71,37,0,online,1,8,0,1,11,0
69,118106,40186,1514,13,173,0,retail,1,21,1,0,27,0
48,52082,20699,3318,15,208,0,travel,1,22,0,1,99,1
52,54241,16408,2961,60,176,1,food,1,6,0,1,11,0
47,121214,42866,81,22,24,3,retail,1,15,1,1,24,0
40,69569,8930,1700,63,99,2,retail,1,8,0,1,19,0
44,36745,7413,1354,75,150,1,electronics,1,23,0,0,8,0
32,51029,12488,3313,74,100,2,travel,1,16,0,1,17,0
70,38025,10989,3123,25,139,3,travel,1,19,1,0,13,0
55,126660,14978,892,48,58,4,food,1,6,0,1,128,0
53,148395,23151,4244,43,174,0,travel,1,10,1,1,67,0
53,39288,8278,2672,38,29,2,retail,1,7,1,1,18,0
71,114186,55792,1514,41,163,1,travel,1,6,0,1,72,0
63,31540,7334,2473,45,143,2,travel,1,18,1,1,1,1
57,122768,35948,2563,40,60,4,online,1,19,0,1,37,1
32,106958,19085,742,17,95,0,retail,1,11,0,0,14,0
23,93878,32323,1758,57,42,2,travel,1,6,0,1,6,0
21,66846,14189,3934,2,233,4,travel,1,7,0,0,107,1
53,126148,23059,433,62,43,1,electronics,1,6,0,1,11,0
60,100932,30948,3488,9,208,3,travel,1,5,0,0,86,1
30,42482,4341,1601,68,74,1,travel,0,8,1,1,26,0
63,48411,4989,4495,17,177,0,online,1,12,0,0,0,0
64,75975,14255,4447,50,192,1,retail,1,6,0,0,65,1
49,85545,9811,4719,40,160,1,food,1,7,0,1,45,0
33,137302,19663,502,58,64,1,retail,0,21,0,1,21,1
32,103797,24448,201,75,2,1,electronics,1,16,0,1,16,0
51,77307,32548,508,21,152,0,retail,1,16,0,1,3,0
66,28093,9237,4927,18,215,4,travel,1,15,0,1,141,0
22,102258,31195,1266,55,66,2,electronics,1,21,1,1,34,0
71,47042,10226,1978,29,166,3,retail,1,1,1,0,4,0
70,77930,36837,4332,24,31,2,electronics,1,7,1,0,101,1
55,142584,36901,2196,74,115,2,food,1,16,0,1,16,0
43,69413,9359,826,17,232,3,retail,1,12,0,1,11,0
37,138387,47996,3230,18,26,0,travel,1,17,0,1,16,0
46,118623,17263,1483,42,29,3,electronics,1,23,0,1,41,0
28,122883,29257,1096,45,195,0,online,1,21,0,1,3,0
49,58756,17800,4209,17,78,2,electronics,1,9,0,1,32,0
46,78268,35196,1884,73,25,0,online,1,1,1,0,113,0
30,64214,19098,880,14,48,4,travel,1,1,0,1,10,1
46,106871,40707,4773,49,65,3,food,1,13,0,1,20,0
54,53602,26646,2052,29,181,4,online,1,15,0,1,25,1
71,78331,11952,282,4,67,2,food,1,6,0,1,44,0
61,73901,15511,1039,20,90,3,electronics,1,20,1,1,125,0
27,124986,32225,3228,47,146,2,travel,1,20,0,1,25,0
24,88416,23760,4079,9,137,4,online,1,23,0,1,3,0
73,57196,15123,1061,77,38,2,electronics,1,11,0,1,21,1
70,30626,14181,4043,79,87,3,retail,1,22,0,1,10,1
65,32424,12503,1583,27,149,3,electronics,1,13,0,1,52,0
31,37857,12991,3200,15,65,2,food,1,3,1,1,1,0
49,135459,30308,4398,19,149,3,travel,1,3,1,1,17,1
56,140621,60398,3807,52,27,3,travel,1,17,1,1,39,1
45,44982,21682,3299,26,106,2,electronics,1,2,0,0,16,1
41,101961,43688,3757,26,123,4,retail,1,0,0,1,40,1
56,26980,2714,2115,26,198,3,food,1,16,0,0,6,1
30,73290,25985,317,46,44,3,electronics,1,6,1,1,143,0
57,51431,6195,3369,49,100,3,electronics,1,15,1,0,17,1
29,109976,22329,3186,53,28,3,travel,1,4,1,1,128,1
44,132288,16378,1261,3,173,2,food,1,18,0,1,19,0
55,107711,36785,2757,66,17,4,retail,1,6,0,1,76,0
69,139187,52144,1527,42,127,4,travel,1,13,0,1,14,0
55,51385,7491,1388,19,123,0,electronics,1,1,0,1,55,0
68,63158,16012,4901,17,168,3,travel,1,2,0,1,19,0
56,48019,13565,1971,33,131,3,travel,1,16,0,1,35,0
38,43639,10805,4315,76,76,0,online,1,15,1,1,56,0
69,110530,16403,2873,49,231,4,travel,1,7,0,1,44,0
59,124911,33423,2666,56,204,1,travel,1,17,0,1,42,0
52,46563,18647,2504,63,194,1,food,0,14,0,1,3,1
44,64341,8261,4577,3,46,4,travel,1,6,0,1,14,1
43,140672,18578,4015,49,214,3,retail,0,8,1,1,42,1
52,30776,7444,3573,55,215,1,electronics,1,5,0,1,0,0
57,61444,29289,932,26,158,2,food,1,17,0,1,14,0
32,93916,34507,4242,72,69,2,travel,1,17,1,1,13,0
69,33711,12522,4472,52,137,0,retail,1,23,0,1,14,0
33,99318,24309,2969,7,85,4,electronics,0,13,0,1,38,1
43,107970,36436,193,46,11,4,food,1,13,1,1,43,0
45,137301,14286,3368,46,69,1,retail,1,13,1,0,119,0
55,110553,39184,1408,16,99,3,travel,0,3,0,1,24,1
61,55707,25921,2806,24,91,4,online,1,3,0,1,130,1
50,64110,22119,546,61,194,1,online,1,14,0,1,52,0
37,86788,39009,1283,54,216,1,food,1,14,1,1,121,0
69,107879,42028,2977,62,159,4,retail,1,17,0,1,89,0
40,63827,9460,3059,1,161,1,electronics,1,13,0,1,58,0
68,132188,60936,1106,49,167,0,retail,1,0,1,1,22,0
45,30655,3880,1315,25,94,0,online,1,9,1,1,13,0
42,69859,21906,925,10,174,4,food,1,19,0,1,12,1
33,78625,12332,3091,16,165,3,travel,1,9,0,1,152,1
39,77098,8070,4257,58,115,0,retail,0,9,0,1,159,0
69,40251,10820,1038,72,220,0,online,1,23,1,1,64,0
56,147413,32138,1987,29,188,4,electronics,1,1,0,1,107,1
32,25526,7514,3364,6,31,2,food,1,7,0,1,125,1
61,93760,31023,2521,16,11,1,travel,1,0,0,0,35,1
39,72837,8558,280,20,87,0,retail,1,0,0,1,49,0
32,36536,5451,1196,71,121,2,electronics,1,3,0,0,27,0
29,53541,17318,4565,78,130,3,travel,1,6,0,1,27,0
27,104083,24695,4210,43,232,2,online,1,8,0,1,1,0
48,76027,29777,3774,26,105,4,online,1,15,0,1,28,0
34,59531,21485,2408,78,27,3,electronics,1,4,0,1,55,1
51,33712,14774,4539,71,227,3,online,1,1,1,1,27,1
72,129101,48670,4245,33,2,2,food,1,22,1,1,102,0
39,90455,24601,4192,26,103,4,electronics,1,10,0,1,20,0
67,99744,36824,1721,45,101,0,online,1,17,0,1,7,0
36,146787,30847,2240,63,21,2,retail,0,18,0,1,83,1
73,30109,6700,138,67,58,0,online,1,12,0,1,56,0
25,146332,60814,1279,52,133,2,food,1,23,0,1,13,0
55,74268,20688,3682,68,180,0,travel,1,10,0,1,38,0
32,125737,52728,1611,26,173,2,travel,1,19,0,1,25,0
45,79615,34152,4775,75,85,3,online,1,18,0,1,139,1
72,107503,47626,3980,2,93,1,travel,1,16,1,1,46,0
41,148274,69192,4254,14,20,3,online,1,4,1,1,8,0
56,54759,14916,4957,30,61,0,food,1,12,0,1,34,0
73,110708,25191,637,49,38,4,travel,1,19,0,1,99,0
43,85112,28332,3807,12,148,3,retail,1,0,0,1,55,1
36,127471,31672,2054,44,25,1,online,1,9,0,1,92,0
59,148153,50435,3562,33,130,0,travel,1,7,0,1,14,0
65,51589,19719,4989,13,121,3,food,1,23,0,1,109,1
73,55015,20650,2351,78,160,2,food,1,7,1,0,70,1
62,54009,13492,3224,26,26,4,retail,1,18,0,1,65,0
59,108309,18059,259,21,198,0,food,1,5,1,1,21,0
34,87046,23694,2935,28,169,3,food,1,11,0,1,109,1
51,131661,20675,984,48,67,0,travel,1,6,0,1,50,0
25,51143,23323,1335,40,225,2,online,1,15,0,0,95,0
55,31154,7425,993,66,1,1,electronics,1,8,0,1,22,0
43,46804,7572,898,73,51,3,food,1,20,1,1,7,0
49,66688,7347,2947,79,5,0,food,1,21,0,0,20,0
63,89288,31994,2127,77,13,0,electronics,1,9,0,1,30,0
31,76195,27031,2682,23,147,0,food,1,9,0,0,38,0
38,45581,10768,4980,48,140,1,travel,1,9,0,0,35,0
67,77648,9992,1336,2,48,0,travel,1,19,0,1,39,1
32,55087,14534,480,20,153,4,electronics,1,15,0,1,92,0
29,74930,16820,1997,59,57,4,food,1,0,1,1,9,0
30,57981,21502,100,46,115,0,food,1,16,1,1,18,0
64,94298,32279,539,3,35,4,online,1,20,0,1,109,0
37,71167,17495,4766,55,76,3,food,1,13,0,1,41,1
58,100304,18772,4069,12,94,4,travel,1,18,0,0,43,1
27,68408,33876,4844,40,5,0,retail,1,20,0,1,32,0
66,64499,18162,2783,66,226,2,retail,1,20,1,1,39,0
33,77269,28999,4977,78,22,3,retail,1,16,0,1,11,1
60,63559,9929,1696,16,103,1,retail,1,13,0,0,39,0
62,139126,40935,201,34,205,0,food,1,7,0,1,293,0
29,99319,11025,1996,44,185,1,food,1,20,1,1,41,0
70,136925,41376,3633,6,175,2,online,1,20,1,0,2,0
47,120317,58426,2195,77,182,1,food,1,8,0,0,79,1
22,121347,30783,4450,64,131,0,retail,1,7,0,0,25,0
25,73787,8529,1018,22,124,0,electronics,1,12,0,1,8,0
49,60488,6797,3793,18,53,2,electronics,0,16,1,1,99,1
57,99441,25376,4308,12,212,0,travel,0,18,0,1,11,0
58,99663,16345,4678,52,159,2,travel,1,6,1,1,126,0
39,47431,5186,4297,51,69,2,food,0,16,0,1,29,1
28,86681,34887,2062,71,216,0,electronics,1,0,0,1,67,0
68,88483,25076,3318,48,104,4,retail,1,4,0,1,39,1
65,147720,31862,1726,19,161,2,retail,1,5,1,0,14,0
21,74153,34112,320,6,200,0,retail,1,1,0,1,55,0
42,31368,4594,4548,27,216,4,food,1,15,1,1,158,1
72,52424,25287,1270,53,178,2,food,0,21,0,1,73,0
37,137360,30986,4975,48,212,4,online,1,4,1,0,46,1
27,70004,31877,3942,7,16,3,retail,1,4,1,1,233,1
45,108869,37143,3278,59,116,3,retail,1,11,0,1,15,1
65,113652,48947,594,69,76,4,food,1,2,1,1,3,0
24,137755,67996,2809,11,205,2,food,1,15,0,1,1,0
56,81985,17656,369,15,109,0,online,1,5,0,1,62,0
26,75069,36367,2876,64,234,1,online,1,14,0,0,88,0
51,77326,19779,2021,3,39,0,travel,1,14,1,0,50,1
39,133737,33996,4949,69,89,1,electronics,1,15,1,0,117,0
64,106061,25046,4016,23,174,1,retail,1,19,0,1,59,0
74,48398,15321,1635,53,224,2,retail,0,12,0,0,23,1
59,123393,19947,2774,37,216,4,online,1,11,0,0,9,1
47,75861,24388,900,9,112,0,online,1,9,1,0,129,0
30,100897,31952,741,15,47,4,travel,1,13,0,1,5,0
46,106905,43270,3971,3,172,3,electronics,1,1,0,1,39,0
39,93577,40561,4711,70,137,2,travel,0,2,0,1,18,1
59,90641,25032,2514,17,232,2,electronics,1,8,0,0,15,0
23,34078,7528,624,26,215,3,retail,1,10,0,1,51,0
65,50003,10187,3816,21,128,0,travel,1,10,0,1,13,0
33,87768,15609,1729,72,178,3,online,0,21,0,0,124,0
70,76047,9358,4779,21,77,0,travel,1,9,1,1,26,1
48,96626,22898,1597,11,188,1,travel,1,13,0,1,56,0
40,82660,17201,1621,38,224,2,retail,1,8,1,0,65,0
48,129386,62954,906,72,15,0,online,1,19,0,0,57,0
28,74786,24162,287,35,36,4,online,1,20,0,1,116,0
61,26925,6432,4657,14,63,4,food,1,9,0,0,13,1
59,108976,36200,1646,14,69,2,food,1,21,1,1,4,0
21,130221,20272,2168,10,214,3,food,1,8,1,1,2,1
23,142832,39652,2442,12,208,3,retail,1,4,0,1,105,1
33,51015,17880,3914,38,169,0,travel,1,7,0,1,181,0
48,58320,17237,4866,34,74,3,online,1,10,0,1,18,1
69,89881,23433,3272,41,24,2,online,1,0,0,1,59,1
45,115827,57628,1459,10,210,0,travel,1,20,1,0,0,0
53,145071,65590,4510,17,49,1,online,1,9,0,1,10,0
58,127215,44444,1242,17,146,3,travel,1,0,0,0,58,1
73,51289,16810,4127,67,7,3,retail,1,21,1,1,3,0
26,28389,9886,687,62,4,0,retail,1,6,1,1,31,0
64,50683,9149,2668,1,90,4,retail,1,13,0,0,54,1
65,38629,9968,2038,12,197,3,travel,1,4,0,0,72,1
52,86550,10021,3768,4,60,2,travel,1,16,0,1,30,0
65,49826,14460,4634,42,55,3,electronics,1,21,0,1,49,1
67,125734,39884,2047,13,16,1,online,1,20,0,1,38,0
41,51630,9866,2659,4,227,3,online,0,5,1,1,2,1
36,123762,60100,666,69,218,4,electronics,1,15,1,0,67,0
74,71163,33004,175,19,210,3,electronics,1,10,0,1,9,0
41,123511,48028,4954,2,29,0,retail,1,9,0,1,1,1
31,91435,28651,4601,12,151,3,electronics,1,14,0,1,29,1
57,36653,16420,599,74,14,4,travel,1,6,0,1,100,1
56,52961,8063,4534,6,79,0,food,1,22,0,1,8,0
55,106941,44509,2831,8,177,2,travel,1,1,0,1,0,1
39,99137,14863,4268,51,33,0,electronics,1,11,0,1,5,0
40,58662,24502,1272,11,153,1,online,1,18,0,1,22,0
38,123818,26039,81,63,21,0,travel,1,11,0,1,43,1
67,81446,36718,3526,57,145,2,online,1,15,0,1,10,0
61,46288,22107,4760,12,23,3,travel,1,5,0,0,80,1
69,147555,23537,3590,73,57,0,online,1,2,0,0,69,0
34,120081,34231,278,2,235,0,travel,1,1,0,1,59,0
35,61877,30467,1786,8,209,0,online,1,19,0,1,33,0
51,136562,40062,2472,11,186,0,food,1,4,0,0,22,1
21,40313,17956,1278,53,142,2,retail,1,10,1,1,23,0
73,105885,35523,1025,10,93,4,travel,1,2,0,1,34,0
74,97715,24441,2732,8,20,4,food,1,2,0,1,4,0
74,35326,7570,1093,36,158,0,retail,1,21,0,1,57,0
23,135091,24490,4111,76,19,2,travel,1,4,0,1,21,1
36,26560,10749,416,14,181,2,food,1,21,1,1,12,0
43,104148,26517,3086,54,103,0,food,1,22,1,1,16,0
31,108186,32943,995,21,184,1,food,1,10,0,1,9,0
32,51745,15364,3613,50,77,0,electronics,1,2,0,0,115,1
30,56890,18825,4495,39,210,1,online,0,12,0,1,9,1
52,45022,20090,719,20,151,0,retail,1,20,0,1,107,0
36,148629,73169,2628,7,190,1,online,1,7,0,0,42,0
28,77579,20405,4859,9,238,1,online,1,19,0,1,101,1
58,95316,41081,1421,1,33,0,online,1,9,0,1,32,0
32,108847,44171,4631,26,231,1,food,1,1,0,0,131,0
44,53380,17583,1495,38,232,3,online,1,3,1,1,11,1
48,135198,65222,2960,38,18,4,electronics,1,17,0,1,40,1
73,27356,4929,4661,61,73,2,travel,1,18,0,0,6,0
28,95326,13698,2944,44,161,1,food,1,3,0,1,29,0
48,117447,51862,4124,44,160,1,retail,1,19,0,1,42,0
56,139994,38590,4680,74,189,2,travel,1,8,1,0,46,0
46,114899,50416,1013,62,182,1,travel,1,15,0,0,22,0
28,45049,20598,2476,6,17,2,travel,1,5,1,0,3,0
70,100717,12587,2476,17,19,0,online,1,3,0,1,53,0
48,130361,59103,1948,51,219,3,online,1,8,1,1,33,0
48,41082,11475,1949,38,70,3,food,1,12,1,1,7,0
57,25661,7805,1645,24,227,4,online,1,8,0,1,137,0
61,62412,21883,1708,51,120,1,online,1,5,0,1,155,0
56,139015,65413,4537,10,101,4,online,1,20,1,1,97,0
47,148191,15952,2101,72,34,0,food,1,18,0,1,92,0
74,27920,8117,1905,21,84,3,food,1,13,0,1,5,1
37,116194,43583,4250,70,153,0,electronics,1,20,0,1,251,1
29,139306,54201,3408,57,196,0,electronics,1,14,0,1,25,0
53,85315,32164,1083,39,74,1,electronics,1,2,0,0,8,0
73,104561,16078,2412,33,202,0,electronics,1,4,0,1,83,0
40,33946,7459,4905,59,88,3,travel,1,20,0,1,12,1
33,119242,29033,3222,18,85,4,travel,1,17,0,0,37,1
48,70500,29735,4047,56,11,3,electronics,1,13,1,1,6,1
68,129540,27398,1161,57,91,1,electronics,1,15,0,1,32,0
49,41309,7612,2455,76,144,3,retail,1,13,1,1,40,1
33,80230,38749,1966,48,218,2,travel,1,8,1,0,29,0
66,136822,14167,4568,42,189,4,retail,1,14,1,1,3,1
55,123656,61720,3917,27,222,2,retail,1,6,1,1,33,0
26,148782,55157,817,74,127,2,online,0,13,0,0,31,0
38,55027,23737,196,52,113,1,food,1,5,1,0,15,0
71,97541,21249,4837,42,80,0,travel,1,20,0,1,127,0
25,137340,14520,4534,32,7,2,electronics,1,14,0,0,27,1
67,139846,55259,1317,26,16,3,electronics,1,19,1,0,99,0
45,84321,36566,2294,25,227,0,food,0,7,0,1,5,1
22,25956,10283,4876,75,16,3,travel,1,1,1,1,19,1
30,125375,19701,767,23,168,3,electronics,1,7,1,1,9,0
50,99131,39788,4241,57,12,0,electronics,1,0,0,1,26,0
70,72908,29715,4897,52,35,0,online,1,16,1,0,5,1
65,103339,37555,3864,31,21,3,retail,1,18,0,1,29,1
25,50963,20713,4276,64,178,1,electronics,1,4,0,0,21,1
53,126757,55566,2216,71,171,4,travel,1,21,0,0,12,1
74,64443,22261,3568,33,228,4,food,1,19,0,1,51,1
21,124259,16829,1590,2,17,1,online,1,15,0,1,150,0
38,64063,18901,971,18,32,0,travel,0,6,0,1,11,0
52,139225,18246,3857,47,41,3,online,0,6,0,0,62,1
67,141400,37190,3585,33,134,4,retail,1,17,1,1,67,1
69,105818,27813,885,35,216,3,electronics,1,17,0,1,34,0
31,29703,3754,2428,51,27,1,travel,1,1,0,1,113,0
41,90128,21588,4208,18,148,3,food,1,14,0,0,169,1
46,97099,14021,1011,72,153,1,retail,1,13,1,0,22,0
45,50849,21524,3394,30,66,0,retail,1,17,1,1,52,0
42,56860,27240,4076,44,137,1,online,1,8,0,1,54,0
47,56585,7295,2855,53,92,1,retail,1,13,0,1,25,0
69,47015,22663,1491,10,181,4,travel,1,4,1,1,19,0
33,102539,31687,3311,52,61,3,online,1,10,0,1,135,0
53,68585,15076,667,49,166,4,retail,1,7,0,1,78,0
54,51958,6793,2790,11,3,2,food,1,4,0,1,6,0
61,51017,15317,432,66,212,1,travel,1,10,0,1,6,0
55,101707,42493,3691,58,198,2,food,1,4,1,1,127,0
21,149677,57301,4276,36,103,4,food,1,16,0,1,4,0
41,70350,8448,2720,33,225,3,online,1,21,0,1,58,0
68,37201,4804,462,47,55,4,electronics,1,3,0,1,12,0
26,54426,14213,2407,13,1,3,online,0,14,1,1,1,1
48,42778,9330,1985,40,101,3,travel,1,18,1,1,3,0
37,70241,13553,1667,68,198,0,travel,1,21,1,1,23,0
25,67229,14279,2551,42,45,1,online,1,1,0,0,4,0
51,111652,47049,3085,19,226,4,electronics,0,23,0,1,45,1
25,143402,67641,3174,19,175,3,online,1,16,1,0,52,1
58,73364,19224,2976,58,207,4,travel,1,11,0,1,23,0
23,123833,57265,2063,23,237,4,electronics,0,23,1,1,67,1
73,109878,25117,297,54,26,3,travel,1,16,0,1,33,0
43,82056,23843,3227,65,121,2,electronics,1,9,0,1,28,0
57,52490,9994,3864,12,142,1,electronics,1,17,0,1,26,0
73,44975,16019,1457,24,182,1,online,0,18,1,1,28,0
57,51723,25426,617,34,199,0,online,1,17,1,1,171,0
30,48279,16482,4562,53,46,0,online,1,12,0,0,57,1
30,103301,25115,1774,8,122,0,electronics,1,13,0,1,18,0
39,137214,49277,1235,18,31,1,electronics,1,23,1,1,66,0
37,36561,5453,1245,57,216,2,travel,1,15,0,1,20,0
41,132435,60319,1039,5,59,1,food,1,17,1,1,6,0
34,91061,27430,2681,26,223,1,online,1,17,0,1,32,0
29,113397,31721,3972,30,29,1,travel,1,15,0,1,69,0
66,74153,24792,4552,54,106,1,travel,1,16,0,1,23,0
21,58142,20344,4940,13,224,2,retail,1,6,0,1,101,0
71,51916,6682,3187,29,17,0,online,1,11,0,1,24,0
65,89324,33322,3732,3,142,4,travel,1,1,0,1,21,1
33,69965,13767,4916,58,232,0,retail,1,9,0,0,317,0
24,29648,11431,1485,76,164,0,online,1,4,0,0,32,0
21,60133,25797,2906,2,186,4,electronics,1,20,0,0,81,0
69,75677,31904,818,75,24,1,retail,1,2,1,0,81,0
60,121059,38859,988,28,109,2,electronics,1,18,0,1,130,0
52,119588,36841,2473,77,191,2,food,1,12,0,1,4,0
54,124950,19635,735,76,91,0,food,1,11,0,1,15,0
48,123317,50577,2511,2,25,4,food,1,2,0,1,72,0
51,95135,19841,3372,7,187,3,food,1,5,1,0,41,1
28,60046,17934,1226,26,32,1,travel,1,13,0,1,41,0
59,72064,15400,4061,76,116,0,food,1,3,1,1,9,0
46,126459,19415,2207,16,82,2,travel,1,12,0,1,16,0
54,131625,46308,2816,23,110,4,travel,1,18,0,1,36,0
74,94350,11485,788,40,146,4,online,0,17,0,1,16,1
74,70893,28318,982,60,37,0,travel,1,2,1,1,11,0
23,126520,28724,2820,73,26,3,travel,1,19,1,1,4,0
70,86272,8631,2133,32,137,2,food,1,5,0,1,8,0
32,117152,35667,608,15,227,0,travel,1,15,1,1,73,0
21,147907,17562,3351,13,64,3,electronics,1,19,0,1,63,1
74,92649,19499,234,5,72,4,food,1,23,1,0,2,0
64,89674,34326,850,75,148,1,retail,1,2,0,1,11,0
25,149132,18652,1824,74,182,2,food,1,11,0,1,41,0
50,144044,62765,4819,52,106,2,travel,1,18,0,0,19,1
50,133542,13558,1116,77,86,3,electronics,1,18,1,1,86,0
37,38760,7702,134,41,211,0,food,1,23,1,1,76,0
68,46927,18600,3256,53,158,4,electronics,1,3,1,1,111,1
67,111475,25249,2941,50,53,3,retail,1,0,1,0,41,1
43,86367,12156,4135,15,92,1,retail,1,1,0,1,21,0
35,122955,30012,2981,7,99,1,online,1,12,1,1,46,0
57,37588,7824,2027,40,235,1,online,1,12,1,1,4,0
41,146750,64142,2425,28,191,3,food,1,1,0,1,0,1
34,126678,28545,4600,32,11,4,online,1,18,0,0,0,1
22,129734,53913,3106,15,31,2,electronics,1,21,0,1,26,0
31,143154,65385,1619,70,177,0,online,1,23,1,1,12,0
71,77233,21125,727,65,231,2,electronics,0,15,1,1,8,0
59,69738,32356,3571,4,100,4,online,0,11,1,1,47,1
58,58397,14653,1026,11,222,2,online,1,0,1,0,265,0
54,107189,52054,3575,26,87,3,online,1,8,1,0,9,1
58,101367,13757,4711,61,147,1,travel,1,16,1,1,39,0
70,149873,56173,4480,37,140,4,travel,1,9,1,0,6,1
54,96260,28639,1970,23,15,4,online,1,17,0,1,136,0
38,145585,37132,1058,40,159,2,electronics,1,18,0,0,17,0
50,101619,35880,1367,77,171,3,food,1,6,0,1,105,0
35,136453,52062,3436,23,101,2,retail,1,18,1,1,16,0
47,44816,4559,125,16,165,2,travel,1,23,0,1,82,0
71,67240,11214,2105,61,207,4,online,1,14,0,1,11,1
54,31276,12048,1811,68,29,2,retail,1,8,0,1,17,0
72,138939,50928,2156,31,114,1,travel,1,9,0,0,10,0
58,129199,62844,1630,53,107,2,food,1,22,0,0,15,0
53,104530,42273,4790,25,154,1,electronics,1,19,0,1,90,0
44,48499,23294,2960,44,108,4,online,1,19,0,1,50,1
35,113576,43274,3802,12,130,3,food,1,3,0,0,26,1
50,133856,29344,2951,9,84,1,travel,1,5,0,1,177,0
62,107495,15279,4915,12,15,3,online,1,3,0,1,31,0
71,146717,60554,987,69,132,3,retail,1,4,0,1,174,1
37,96635,34562,3076,54,214,1,electronics,1,8,0,1,10,0
25,132803,15839,793,54,50,4,travel,1,11,0,1,117,0
49,110112,26869,250,28,166,0,electronics,1,22,0,1,0,0
24,60946,29419,1563,56,23,3,online,1,7,1,1,39,0
30,80204,24074,4588,69,59,3,food,1,20,0,1,27,1
37,76886,20996,1022,77,90,4,electronics,1,4,0,0,37,0
30,96652,27360,196,58,115,4,retail,1,10,0,1,40,0
37,40563,7445,1891,78,75,2,travel,1,22,0,1,24,0
40,117324,29035,4596,75,156,4,retail,1,10,0,1,315,1
44,117464,29122,440,42,194,3,electronics,1,12,0,1,187,0
25,126872,15344,248,38,123,1,food,1,13,0,1,163,0
54,34847,14183,2355,68,136,0,food,1,7,0,1,193,0
26,51155,13638,85,53,157,2,retail,1,17,0,1,78,0
73,104671,44890,1366,33,139,1,online,1,18,1,1,223,0
22,141891,62451,4932,71,229,0,online,1,11,0,1,111,0
33,108310,20015,2340,56,18,0,food,1,11,1,0,26,0
63,92278,33491,4696,72,183,0,retail,1,17,0,1,76,0
63,43309,12512,1912,51,50,1,retail,1,9,0,1,121,0
68,25619,11581,4023,74,142,2,retail,1,6,0,0,62,1
31,108194,20156,4680,43,118,2,electronics,1,17,1,1,27,0
71,75108,27874,4997,15,202,0,online,1,11,0,1,3,0
67,59707,20485,2069,38,227,1,online,1,13,0,1,82,1
43,45337,9888,150,15,137,0,electronics,0,14,0,0,152,0
36,106537,16474,1799,5,227,4,travel,1,15,0,1,22,0
51,91504,33001,3636,54,139,2,electronics,1,1,1,1,8,0
31,72614,28714,26,51,191,3,retail,1,17,0,1,19,0
74,116428,26341,4358,10,108,0,electronics,1,11,0,1,43,0
36,116155,41575,474,12,204,4,retail,1,15,0,1,19,0
28,25281,6523,4481,4,67,2,food,0,12,0,1,47,1
24,52420,20196,1837,18,181,1,retail,1,19,0,1,170,0
60,105896,19028,3038,36,167,2,online,1,16,0,0,55,1
24,64030,29203,529,25,78,1,electronics,1,17,0,1,22,0
45,26058,5601,99,76,184,1,retail,1,2,1,1,137,0
23,111213,27482,4825,36,156,0,travel,0,22,0,1,41,1
52,101260,12478,2861,67,75,0,food,1,9,1,0,6,0
23,53404,7722,2853,9,39,2,travel,1,0,0,1,34,0
47,128482,39359,4735,61,25,4,travel,1,5,0,0,53,1
49,130284,26973,1894,53,21,2,travel,1,2,0,1,91,0
52,54856,23818,4181,18,138,3,food,1,18,1,1,137,1
70,34200,3621,935,43,171,1,food,1,3,0,1,19,0
71,89178,22440,3744,35,15,1,food,1,19,0,0,8,0
39,58997,13860,979,63,211,0,food,1,22,0,1,3,0
41,50611,5452,1104,78,48,4,travel,1,2,1,1,67,0
25,144273,21604,3205,4,86,0,online,1,7,0,1,79,0
38,66235,17582,1414,41,149,3,online,1,7,0,1,26,0
48,142428,42321,3374,45,188,2,food,1,6,0,1,25,0
62,60057,15717,4300,50,116,2,electronics,1,1,1,0,154,0
42,26239,8196,3992,79,236,4,retail,1,20,1,1,124,1
41,128674,43498,4333,28,224,0,electronics,1,5,0,1,13,0
26,139474,14501,4023,42,50,0,electronics,1,15,0,1,75,0
21,90661,25896,4566,76,151,3,electronics,1,9,1,1,48,1
25,70272,34110,4723,69,141,2,online,1,3,1,1,8,1
61,114393,35188,3102,1,69,0,retail,1,12,0,1,22,0
32,86212,31986,4169,39,4,4,electronics,1,9,1,1,9,0
46,149088,33506,2084,17,220,2,food,1,20,0,0,17,0
66,40398,16546,294,35,78,3,online,1,13,0,1,47,0
54,145030,59341,4943,46,200,4,food,1,8,1,1,23,0
69,81503,25145,4936,42,9,1,food,1,10,0,1,25,0
34,31638,15515,1197,39,121,3,electronics,1,22,1,1,38,0
46,31570,4742,3979,49,115,4,food,1,17,0,1,4,1
65,93785,10014,2975,62,163,0,retail,1,10,0,0,67,0
47,34110,13919,4329,38,101,1,food,1,16,1,0,25,1
29,130899,55352,793,23,149,3,electronics,1,1,0,0,32,0
46,104141,15421,959,22,186,0,food,1,2,0,1,183,0
67,37115,7654,3949,4,146,1,online,1,10,1,1,21,0
42,64062,6855,54,49,97,2,online,1,17,0,0,52,0
67,47911,10412,1820,59,200,0,online,1,2,0,0,24,1
50,129061,52819,4576,73,81,4,travel,1,14,1,0,112,1
63,57556,17680,2091,68,43,3,online,1,10,0,1,93,1
68,103131,24672,3508,71,95,1,online,1,10,1,1,13,0
37,26969,6707,839,2,226,0,travel,0,19,0,1,58,0
46,68753,6912,1919,49,6,2,online,1,10,0,1,3,0
56,107811,23709,2591,31,214,3,electronics,1,18,0,1,165,1
21,29470,10567,701,40,206,3,online,1,0,1,0,21,1
28,146863,71915,4029,48,67,0,online,1,4,0,1,89,0
69,35225,15457,941,51,140,2,travel,0,9,0,0,19,0
55,132860,14539,4946,43,100,1,electronics,1,9,0,1,50,1
72,148008,67998,3416,55,12,0,food,1,13,0,1,205,0
35,132510,54763,157,49,237,1,retail,1,1,0,1,104,0
67,133295,54937,1042,57,66,3,electronics,1,3,1,1,8,0
42,48196,13649,1321,77,2,1,food,1,1,1,0,39,0
34,130823,33909,397,15,143,2,electronics,1,17,0,1,21,0
46,38669,8552,3131,27,151,4,food,1,12,0,1,28,1
48,62380,7877,1883,68,157,2,food,1,18,0,1,20,0
43,149398,28578,3598,64,81,1,electronics,1,4,0,1,20,0
34,135677,26951,925,30,224,0,travel,1,19,1,0,39,0
44,140886,41368,1888,36,135,3,electronics,1,1,1,1,10,0
22,73320,29253,3758,67,222,4,electronics,1,10,1,1,38,0
65,72414,20965,287,49,156,0,food,1,17,0,0,16,0
46,128542,15828,1987,76,142,0,retail,1,5,0,1,17,0
34,40577,19603,1869,55,172,2,food,1,22,0,0,67,0
71,113009,53915,3046,56,158,1,online,1,9,0,1,1,0
27,80409,33295,3381,68,209,2,electronics,1,21,0,1,23,0
23,53625,26626,4723,44,160,1,electronics,1,22,1,0,26,0
67,106040,33698,2192,31,238,2,travel,1,16,1,0,33,0
43,49089,23813,4685,58,70,0,food,1,21,1,1,55,1
66,61487,8008,1180,53,115,3,travel,1,10,1,1,23,0
63,90838,22370,499,79,88,1,electronics,0,18,0,0,11,0
67,121999,23198,2535,23,6,4,food,0,16,0,1,108,1
65,135448,24154,1192,28,27,4,food,1,23,0,1,198,0
38,119795,18726,4489,16,82,0,online,1,3,0,1,1,1
58,75138,26220,4268,37,88,2,online,1,23,0,1,39,0
55,67823,27978,2498,21,229,2,retail,1,13,0,1,20,0
71,62208,20610,1886,79,120,0,online,1,19,0,0,16,0
35,79061,12553,2472,17,24,4,food,1,3,0,1,20,0
45,55659,23624,1640,37,102,4,online,1,13,0,0,50,0
57,126376,44785,297,77,34,2,retail,1,3,0,1,10,0
48,56890,14522,4292,19,168,1,electronics,1,5,0,1,122,0
30,104134,38493,1917,30,47,3,online,1,8,0,1,31,0
59,72055,14696,1171,45,207,1,food,1,20,0,1,19,0
37,137269,32680,139,18,203,4,electronics,1,11,1,1,72,0
59,44508,20784,2373,78,214,1,food,1,7,0,1,0,1
42,67287,14547,153,62,24,3,electronics,1,23,0,1,28,0
46,103916,29927,25,36,65,1,food,0,3,0,1,21,1
64,51984,23707,254,52,18,1,online,1,4,1,1,20,0
45,135169,51781,936,19,44,1,online,1,5,0,0,20,1
37,33125,4136,3188,44,76,1,retail,1,4,1,0,1,0
33,61059,9703,2186,7,57,0,electronics,1,18,1,1,8,1
40,94569,9753,896,44,107,4,retail,1,7,1,1,7,0
45,128409,45247,350,68,156,3,travel,1,8,0,1,223,1
24,42087,11745,2061,34,232,4,online,1,14,0,0,1,0
30,131437,20203,3408,66,124,0,electronics,1,3,0,1,9,1
23,140262,67770,3960,69,199,0,retail,1,8,0,1,182,0
61,30704,9575,315,55,151,0,retail,1,6,0,0,49,0
65,85576,16837,917,10,213,0,travel,1,7,1,0,29,0
38,98384,29538,2664,42,162,1,retail,1,14,1,0,4,0
67,112128,41694,3802,41,139,4,food,1,18,0,1,55,1
56,136279,17783,4052,77,214,2,online,1,14,0,1,7,0
67,97460,20455,1381,69,234,3,retail,0,4,1,1,55,1
42,52208,22072,330,10,163,0,retail,1,18,0,1,193,0
54,143516,40739,4664,10,116,4,travel,1,6,0,1,37,0
67,110150,35097,4069,60,93,0,food,1,5,0,1,12,1
28,91024,24861,1141,51,42,0,retail,1,18,1,1,49,0
60,64882,7627,2588,21,28,0,online,1,16,0,1,35,0
69,50923,8468,4052,8,123,0,online,1,9,1,0,38,1
64,139044,38684,3377,65,210,0,retail,1,18,0,1,32,0
39,126477,23230,827,78,206,3,food,1,10,0,0,56,0
62,54165,6499,21,30,210,4,online,0,14,0,0,42,0
61,92203,40335,204,49,220,0,online,1,9,0,1,217,0
57,116749,57496,2547,9,24,0,food,1,10,0,1,87,0
26,29114,12148,2852,17,136,0,food,1,22,0,1,15,0
72,89965,39720,2239,69,106,0,retail,1,2,1,1,64,0
46,61321,12067,3019,58,118,1,electronics,1,2,0,0,12,1
54,98297,47600,4761,57,237,1,travel,1,17,1,1,76,0
65,121652,21747,2087,62,53,2,electronics,1,10,1,1,7,1
26,124304,59737,3877,52,200,0,electronics,1,19,1,1,32,0
57,138942,69183,4883,61,132,2,online,1,21,1,1,78,0
53,50426,19398,453,40,219,3,food,1,17,0,1,16,0
73,42772,21063,307,38,100,2,online,1,14,0,1,90,0
42,128754,42207,4913,43,5,4,travel,1,6,1,1,51,0
41,28712,5851,854,63,225,1,retail,1,9,1,1,25,0
26,26367,7245,1025,19,49,1,travel,1,20,1,0,27,0
26,131493,44368,1394,50,98,0,online,1,22,0,1,130,0
68,132317,17099,1407,33,30,0,online,1,19,0,1,12,0
24,140142,48900,563,13,72,3,online,1,9,0,1,59,0
50,116736,57489,2360,78,103,3,online,1,12,1,1,61,0
31,76924,13541,4526,62,63,4,electronics,0,14,0,1,127,1
50,28726,11979,1279,43,175,0,retail,1,22,0,1,62,0
51,114152,52870,1270,49,26,0,electronics,1,17,0,0,43,0
44,52723,25174,194,36,185,3,online,1,22,0,1,116,0
29,128110,62012,4573,10,37,3,food,1,3,0,1,88,1
23,125494,38725,2420,6,226,3,electronics,1,19,1,1,63,0
71,34108,16744,4441,57,7,1,online,1,16,1,1,1,0
51,102714,41385,2219,1,127,2,online,1,2,0,1,23,0
60,60643,9985,3682,71,168,2,retail,1,20,0,1,49,0
57,56324,16376,4693,58,92,0,travel,0,20,1,1,36,0
56,128896,49925,1891,21,167,1,electronics,1,1,0,1,19,0
44,108360,21556,4306,56,190,3,electronics,1,3,1,1,7,1
51,135896,48412,531,20,103,0,electronics,1,0,0,0,40,0
26,33927,12439,1897,54,220,1,online,0,14,0,1,16,0
22,118680,19591,2562,25,206,4,retail,1,0,0,1,13,1
40,121546,39628,3819,28,53,1,online,1,5,1,1,25,0
48,47443,19387,4893,5,230,0,online,1,6,0,1,76,0
31,104973,31445,4165,21,132,2,food,1,18,0,1,33,0
24,88449,9273,4683,18,234,3,retail,1,11,0,1,12,1
35,134834,13970,4426,47,210,4,electronics,1,0,0,1,6,1
26,130314,31641,3489,70,108,1,travel,1,6,0,1,34,0
74,101743,47867,1419,57,112,0,electronics,0,18,0,1,79,0
69,146805,28108,1704,19,153,0,online,1,12,0,1,52,0
50,85233,30150,4674,65,7,3,retail,0,11,0,1,13,1
58,50537,9542,536,3,230,0,retail,1,11,0,1,28,0
71,126293,28879,2670,42,156,0,retail,1,21,0,1,96,0
22,102576,45053,2182,21,197,3,food,1,12,0,1,9,1
35,132522,51888,4976,40,67,4,electronics,1,13,0,1,37,0
31,47612,6578,289,67,108,2,food,1,21,0,1,22,0
28,118977,32299,2974,25,223,2,travel,1,11,0,1,6,1
46,31471,3514,3987,55,111,1,online,1,19,0,1,2,0
71,60631,17725,2679,52,234,4,food,1,11,0,1,40,1
65,133997,48905,2903,44,148,1,food,1,5,0,1,1,0
64,117059,17254,1761,56,83,2,online,1,9,0,1,5,0
25,56348,12146,3991,55,124,3,retail,0,19,0,1,21,1
26,89732,23252,4779,70,139,0,online,1,23,1,1,2,0
46,26177,12245,2371,77,104,2,electronics,1,8,1,1,25,0
74,29760,14799,4437,73,67,4,online,1,1,0,0,6,1
24,57779,6815,4141,66,215,2,retail,1,6,0,1,21,0
39,46636,18859,1718,19,7,4,online,1,8,0,1,78,0
40,106889,26582,2696,7,151,4,food,1,11,1,1,49,0
53,78551,20186,2905,63,189,4,travel,1,4,0,1,29,1
40,36556,14684,4545,42,199,1,food,1,0,0,1,4,0
69,52598,24582,2786,42,110,3,travel,1,21,0,1,48,0
32,36563,17563,1129,59,34,2,online,1,14,0,0,8,0
67,71819,23761,2998,20,106,3,electronics,1,7,0,1,3,0
21,134326,32620,4269,73,147,0,online,1,0,0,1,54,1
46,98770,40991,4253,17,58,2,retail,1,17,1,1,121,0
34,116055,23257,204,27,9,3,online,1,12,0,1,30,0
58,51966,16921,672,47,48,3,travel,0,0,0,1,2,1
57,145133,35329,489,2,115,0,food,1,4,0,1,106,0
31,106709,38698,4228,63,210,4,electronics,0,17,0,1,3,1
56,84889,16651,1433,62,41,2,online,1,15,0,1,101,0
33,51987,9182,2718,19,48,2,online,1,9,0,0,24,0
63,103714,48465,3185,17,173,0,food,1,3,0,1,22,0
23,129874,18276,3824,69,234,4,electronics,1,0,0,1,39,1
53,83348,25203,2024,39,25,2,online,1,22,1,1,157,0
26,49596,9340,3799,71,116,2,online,1,7,0,0,114,0
70,58174,6723,4815,39,78,2,travel,1,4,0,0,31,1
30,89106,10194,2453,36,108,4,travel,1,1,0,1,59,0
25,132510,22538,921,40,25,0,retail,1,23,0,0,43,0
43,94967,42422,3223,45,147,2,food,1,16,0,1,59,0
30,84182,17930,2374,4,39,3,electronics,1,6,0,1,88,1
64,118300,56805,3639,25,119,4,online,1,16,0,1,1,0
22,112163,37310,3482,69,79,1,online,1,5,0,1,19,0
33,64310,17662,690,30,80,0,retail,1,21,1,0,160,0
60,81088,26924,4661,76,27,3,online,1,14,0,1,149,0
22,33906,10398,619,68,104,2,food,1,4,0,1,0,0
40,61914,24982,2166,29,74,1,retail,0,14,0,0,11,1
21,135350,28829,3876,73,191,0,food,1,17,1,1,253,0
57,70379,16976,381,68,68,4,retail,1,17,0,1,33,0
29,103612,47416,625,51,147,1,online,1,20,0,1,42,0
37,139828,66919,2263,24,28,1,retail,1,20,1,1,9,0
29,62650,28632,4952,14,213,3,travel,1,22,0,1,112,1
31,71881,19248,4148,69,123,0,electronics,1,5,0,0,13,0
35,71413,29432,874,18,239,3,online,1,1,0,1,10,0
44,31012,9010,1278,42,206,3,electronics,1,16,1,1,12,0
58,75115,22460,794,57,161,2,online,0,20,1,1,126,1
55,32151,5847,4581,12,138,4,electronics,1,3,1,1,60,1
50,82716,27829,4188,17,83,1,travel,1,11,1,1,73,0
51,118747,20715,2247,30,30,0,electronics,1,18,1,0,23,0
69,117653,27369,4064,75,22,4,retail,1,1,0,0,119,1
25,61378,27129,4905,23,3,4,electronics,1,1,1,1,77,1
64,67652,12368,945,1,101,0,online,1,13,0,1,69,0
70,97430,12516,3990,79,105,4,food,1,14,0,1,176,0
34,38467,4908,2348,32,210,2,electronics,1,19,0,1,22,0
73,56010,26678,335,9,203,4,electronics,1,1,0,1,47,0
31,146999,44506,1544,15,176,2,electronics,1,3,1,1,120,0
29,139793,36872,3490,28,2,1,online,1,18,0,1,78,0
54,79691,33816,3871,24,204,1,electronics,1,8,0,0,41,1
32,89157,38723,1995,60,54,3,online,0,6,0,1,3,1
55,133177,31013,4942,35,6,2,online,1,12,1,1,52,0
55,37289,14074,4613,27,107,1,food,1,11,0,1,37,0
21,69976,28581,2788,76,168,4,retail,1,2,0,1,10,1
60,68596,24822,1280,20,236,0,online,1,12,0,1,106,0
42,48171,7738,650,65,221,0,travel,1,14,0,1,21,0
49,125441,56492,4713,49,123,2,electronics,1,13,0,1,24,0
28,111365,35151,4088,1,222,3,travel,1,23,0,1,55,1
31,143218,30503,4671,10,2,4,electronics,1,8,1,1,33,0
61,124590,33650,1377,47,201,2,food,1,12,0,1,4,0
57,139014,15990,4052,59,111,0,online,1,22,0,1,24,0
34,69139,10450,2585,62,2,2,retail,0,21,0,0,4,1
50,73713,29943,3613,18,93,4,online,1,3,0,1,10,1
55,54734,5473,1591,46,225,1,electronics,1,20,0,1,0,0
41,97588,26019,1996,32,202,4,retail,1,7,0,1,10,0
57,88646,27391,2250,27,226,1,online,1,2,0,0,20,1
25,28654,3491,3976,18,236,1,retail,1,1,1,1,38,1
39,114022,55783,2115,39,183,1,electronics,1,18,0,1,125,0
34,43743,8330,138,49,200,2,food,1,22,0,1,38,0
46,73368,16264,4811,44,101,0,food,0,7,0,1,61,0
24,115025,25486,4006,72,188,2,online,1,16,0,1,22,1
45,99172,19057,861,54,97,0,travel,1,12,0,1,69,0
65,31441,3162,4113,34,111,4,electronics,1,6,0,1,48,1
62,144735,56698,2086,71,6,3,online,1,8,1,1,30,0
45,49611,24147,3004,36,236,4,online,1,11,0,1,10,0
38,144891,27488,3754,18,127,2,food,1,13,0,1,18,0
60,132971,48563,2766,38,104,2,retail,1,13,1,1,48,0
28,37149,14739,1654,59,237,0,electronics,1,14,0,1,27,0
59,125102,54966,4381,9,147,2,retail,1,2,1,0,110,0
60,84189,22651,3154,73,224,1,electronics,1,14,0,1,13,0
34,132904,29394,252,72,155,2,travel,1,18,0,1,3,0
52,46675,10740,4095,51,1,0,food,1,23,0,1,44,0
71,96031,36976,180,35,235,0,travel,0,19,0,1,108,1
58,67668,28874,662,5,33,1,online,1,13,1,1,22,0
53,38673,6676,3522,14,40,0,food,0,7,0,1,52,1
43,101666,25251,1509,30,32,3,online,1,4,0,0,13,0
35,113204,52161,2109,4,197,4,travel,1,18,0,1,40,0
53,105758,44701,2168,39,17,2,electronics,1,3,0,0,77,1
45,90429,44666,1982,64,126,3,online,1,13,0,0,100,0
37,48669,19550,3935,25,8,2,retail,1,15,0,0,5,0
53,59068,15196,2268,28,57,3,electronics,1,19,0,1,22,1
67,113789,38262,4049,76,42,2,electronics,1,23,0,1,51,0
22,34435,12548,2045,66,98,1,travel,1,5,0,1,1,0
34,119088,15646,3281,78,137,0,travel,1,22,1,1,58,0
73,77249,24549,867,22,120,0,food,1,5,1,1,37,0
60,62384,23938,3833,31,87,1,food,1,2,0,1,17,0
60,106929,17849,1059,23,163,3,retail,0,14,1,0,84,1
71,101153,41700,4000,48,199,4,electronics,1,2,0,1,17,0
59,129056,43041,308,20,207,3,retail,1,10,1,1,237,0
71,100388,48275,933,38,181,0,retail,0,2,0,1,84,0
26,56401,6597,4242,55,54,4,travel,1,9,0,1,61,0
26,96831,19959,4316,68,84,2,retail,1,17,1,1,3,0
23,144503,49220,2809,79,25,4,retail,1,0,0,1,117,1
27,140760,30773,4885,1,67,3,online,1,15,1,1,78,1
71,126529,48811,4072,7,190,1,food,1,15,1,1,13,0
28,59084,23846,4055,57,183,2,food,1,9,1,1,24,0
62,145387,20500,1812,12,174,3,electronics,1,0,0,1,15,0
72,135641,41443,2723,5,152,2,food,1,3,0,1,208,1
35,130111,39496,4516,50,226,4,electronics,1,2,0,1,96,1
67,80826,20021,2863,42,46,0,online,0,4,1,1,133,1
49,61451,29076,2667,12,22,3,food,1,11,0,1,77,1
53,32227,13889,4532,18,139,1,online,0,11,0,1,30,0
72,56910,21562,3356,66,176,4,food,0,12,0,1,11,1
50,61041,23545,1481,74,8,3,food,1,23,0,1,11,1
59,113920,32431,2959,79,39,1,online,1,11,0,1,8,0
47,90681,42474,951,17,235,3,retail,1,15,0,0,39,0
56,128314,48481,1917,68,163,4,retail,1,12,1,1,126,0
49,106571,41732,4847,71,49,3,retail,1,4,0,1,240,1
58,90481,40234,1253,62,46,2,retail,0,23,1,1,16,0
53,93576,19616,4433,41,38,4,food,1,3,0,1,59,1
57,132958,56218,1476,34,136,3,travel,1,20,0,1,45,0
47,89174,15881,3967,70,54,0,online,1,14,0,0,33,0
53,51160,12183,1976,45,165,3,travel,1,11,0,0,54,1
24,140170,32834,385,58,219,2,travel,1,18,0,1,23,0
42,142867,70206,272,51,92,1,electronics,1,20,1,0,144,0
22,42633,18870,4372,34,40,1,retail,1,18,0,1,61,1
30,119880,45610,3398,44,34,1,food,1,20,0,1,70,0
25,42014,16420,3405,15,96,0,retail,1,10,0,1,13,0
30,105532,34279,1954,78,79,2,retail,1,20,1,1,9,0
53,74104,35483,1903,70,236,4,travel,1,5,0,1,25,0
74,66621,19886,3644,50,127,1,electronics,1,8,0,1,72,0
58,102231,25783,1662,32,17,2,retail,1,0,0,1,139,0
33,93388,15429,4151,67,161,3,online,1,11,1,1,27,1
51,41014,16999,3902,3,175,0,online,1,13,0,1,74,0
67,117578,46299,609,74,110,2,retail,1,5,0,1,31,0
56,58755,14908,4825,51,52,2,travel,1,0,0,1,17,1
65,65390,7197,1922,67,118,4,travel,1,21,1,1,67,0
44,48711,21218,1302,76,208,2,food,1,1,0,1,80,0
72,116658,12198,610,48,221,4,electronics,1,23,1,0,11,1
35,82993,31660,390,17,9,0,travel,1,10,0,1,18,0
49,99696,48661,4223,7,33,0,food,1,2,0,0,34,1
28,52213,14361,3647,13,188,3,online,1,9,0,1,10,1
25,140788,27311,2173,66,113,4,online,1,5,1,1,132,0
49,129956,49636,4365,4,221,4,online,1,5,0,0,44,1
67,82784,35336,1108,10,205,1,retail,1,19,1,1,6,0
24,32421,10328,375,17,149,1,electronics,1,20,0,1,10,0
32,111936,54492,2580,52,186,3,food,1,1,1,1,154,1
65,124073,14971,3429,6,85,0,electronics,1,23,0,1,67,0
22,42727,12900,2486,69,197,1,retail,0,9,0,1,66,1
47,137418,53233,800,74,10,2,food,1,22,0,1,3,0
51,29358,13065,3579,9,6,0,food,1,5,0,0,112,1
71,90108,15471,756,77,115,2,travel,1,22,0,1,29,0
71,119018,49987,322,21,121,4,electronics,1,16,0,1,53,0
56,149457,47988,4643,24,141,0,electronics,1,13,0,0,160,0
56,57117,14771,930,4,65,3,travel,1,4,0,1,5,0
46,113700,17360,1087,24,20,4,online,1,22,0,1,32,0
63,56910,25388,2839,59,57,4,retail,1,16,0,1,2,0
47,123032,20043,2391,3,239,2,electronics,1,1,0,1,34,0
25,80754,18082,3628,68,46,4,travel,1,8,0,1,14,1
40,87438,18888,807,40,136,1,food,1,11,0,1,120,0
31,134847,60487,4453,48,10,0,travel,1,18,0,1,25,0
30,54371,20067,282,54,201,1,online,1,21,1,0,50,0
60,76501,32028,3020,35,113,2,retail,1,6,1,1,98,0
58,85946,17205,4825,56,233,2,online,1,8,0,1,205,0
26,63467,22210,1783,40,195,0,food,1,20,0,1,35,0
28,42625,14010,2557,77,139,4,food,1,15,0,1,30,1
43,58893,25508,3174,68,12,3,food,1,19,0,1,3,0
67,101329,46858,4790,46,138,2,food,1,10,0,1,0,0
46,56007,5873,4727,78,153,0,travel,1,11,0,1,46,1
66,116302,42986,956,13,177,3,food,1,14,0,0,3,0
63,64532,7791,2675,27,177,4,food,1,17,0,1,23,1
32,79253,25324,516,6,217,2,travel,0,18,0,1,0,0
46,37323,8026,253,17,11,0,food,0,15,0,1,47,0
33,136335,30363,515,36,190,0,online,1,14,0,1,27,0
60,137356,33127,4527,2,118,0,online,1,4,0,1,6,0
38,135944,47378,3168,77,164,2,electronics,1,10,0,1,17,0
45,98379,22983,3600,52,39,3,online,1,14,1,0,42,1
53,39210,15412,1882,66,53,0,retail,1,17,1,1,53,0
67,41456,10853,3803,52,218,4,retail,1,12,0,1,31,1
60,56367,7177,1202,43,206,0,retail,1,3,0,1,81,1
63,79624,32924,4435,22,231,3,travel,1,16,0,0,5,1
32,35106,7523,4755,55,56,2,online,1,3,0,1,4,0
64,128493,35092,1474,67,104,0,retail,1,15,0,1,2,0
56,93008,34801,400,60,129,0,electronics,1,22,0,1,38,0
68,140395,32709,4486,58,56,4,travel,1,14,0,1,61,1
24,141492,17351,3387,12,118,4,electronics,1,13,0,1,6,1
25,97240,24268,4847,69,132,0,online,1,11,1,1,50,1
57,89315,42672,4925,39,30,0,food,1,2,1,1,32,1
28,94249,33618,682,13,12,4,electronics,1,9,0,1,218,0
62,95587,35232,2570,41,35,3,food,1,7,0,1,63,1
69,35756,12618,1221,57,77,1,travel,1,5,0,1,53,0
48,93011,16704,939,53,180,1,electronics,1,21,1,1,42,0
51,61378,16408,1549,12,159,0,electronics,1,13,0,0,296,0
29,29255,11712,922,13,102,4,travel,1,16,1,1,196,0
74,39484,5549,653,74,235,2,travel,1,20,0,1,38,0
71,81549,17218,4532,57,87,2,retail,1,18,1,1,30,0
49,59503,12527,511,40,196,1,online,0,15,0,1,31,0
34,149465,40775,739,45,52,3,electronics,1,14,1,1,27,1
60,98794,48621,1293,35,80,1,electronics,0,14,1,1,37,1
61,131283,16673,2128,3,135,0,travel,1,0,0,1,15,0
42,125732,38660,4562,5,22,3,travel,1,23,0,1,130,1
31,70113,12041,4396,11,221,2,online,1,22,1,1,33,0
43,130730,63831,3846,71,75,4,travel,1,22,0,1,92,1
21,99069,14396,929,56,184,4,food,1,11,0,0,32,0
66,123117,32187,4060,10,225,0,food,1,9,0,1,63,0
57,30249,11953,2349,34,58,1,food,1,13,0,1,20,0
41,144979,55356,765,67,93,0,food,1,9,0,1,49,0
46,44201,11894,1879,72,192,4,online,1,9,0,1,34,0
66,83576,19942,4482,31,103,2,electronics,1,19,0,1,22,0
56,143562,37189,517,75,140,4,food,1,10,0,1,106,0
74,34686,7135,1446,71,7,3,travel,1,21,0,1,5,1
43,137413,25027,2585,66,128,4,food,1,15,0,1,33,1
21,78363,22977,3436,70,55,4,online,1,8,0,1,10,1
74,122543,25417,568,41,231,3,travel,1,14,0,1,98,0
71,25661,5516,3112,63,106,1,food,1,13,0,1,14,0
60,69843,25332,4526,32,62,4,electronics,1,18,1,1,50,1
35,120673,58817,3632,20,90,0,travel,1,8,0,1,9,0
41,85963,29352,4409,57,232,4,travel,1,3,1,1,25,1
67,138092,18061,4067,50,201,0,electronics,1,20,0,0,114,0
29,67828,8833,3725,25,233,3,travel,1,6,1,1,9,0
73,73604,35371,1311,12,98,4,food,1,21,0,1,54,1
29,35526,7777,2165,71,237,3,travel,1,7,0,1,11,1
30,93910,12849,702,39,77,3,food,1,23,0,1,26,0
72,50592,17181,4360,17,183,1,electronics,1,7,0,1,38,0
73,53982,18864,1488,45,119,4,retail,1,18,0,1,43,0
46,25207,9059,266,11,36,0,electronics,1,14,0,1,46,0
61,125969,26070,2440,70,89,0,food,1,15,0,0,51,1
55,142181,15077,451,23,152,4,online,1,21,1,1,15,1
72,113733,55274,1891,70,172,1,electronics,1,22,0,0,25,0
45,123936,24831,2656,38,145,1,online,1,8,0,1,1,0
46,149982,55554,3830,2,130,1,online,1,11,0,1,73,0
31,93619,35823,4687,79,141,0,food,1,15,0,1,90,0
58,54328,18688,1745,72,159,3,food,1,3,1,1,11,0
22,71479,16094,3745,37,93,1,retail,1,4,1,1,11,0
27,133427,27811,2655,49,114,0,travel,1,7,1,0,2,1
38,45103,15292,28,52,28,0,electronics,1,0,1,0,175,1
47,64891,28969,1134,33,188,3,food,1,5,0,1,82,0
54,35754,17115,3995,22,155,4,electronics,1,14,0,1,22,1
47,124983,17792,2664,5,143,4,online,1,3,0,1,32,1
37,106437,17235,2090,18,223,1,travel,1,20,1,1,17,0
63,123540,59039,1557,38,232,1,retail,1,10,1,1,45,0
64,97982,38665,871,37,207,3,electronics,1,4,0,1,63,0
71,127747,57894,164,64,33,1,travel,1,17,0,0,29,0
74,80922,14651,3504,10,20,3,retail,1,23,1,1,103,1
44,73231,24534,914,79,170,0,electronics,1,14,0,0,36,0
45,54301,20659,1279,42,140,1,travel,1,17,1,1,7,0
27,116652,43399,414,48,101,0,food,1,19,0,1,48,0
72,145787,38379,853,44,201,2,electronics,1,12,0,1,31,0
26,87711,9311,1792,16,23,3,travel,1,4,0,1,137,0
73,66323,22096,1574,54,200,2,retail,1,0,0,0,24,0
44,43752,8804,1194,35,224,1,travel,1,21,0,0,25,0
53,122912,34427,756,28,112,0,food,1,17,0,1,52,0
69,107205,51783,1735,2,14,1,electronics,1,13,1,0,37,0
49,123452,32049,3198,13,91,2,electronics,1,4,0,1,23,0
63,38395,16737,280,41,153,1,electronics,1,5,1,1,229,0
42,110957,19463,4875,59,77,4,food,1,23,0,1,17,0
46,146237,53959,3966,69,85,2,retail,1,15,1,0,16,0
48,81273,39889,181,53,109,1,electronics,1,21,0,1,99,0
70,116878,16451,283,45,31,0,retail,1,20,0,0,0,0
41,29895,3088,2316,20,229,1,travel,1,11,0,1,11,0
69,144968,39639,1168,24,122,0,retail,1,19,0,0,44,0
27,140700,19282,1716,61,107,4,retail,1,17,1,1,8,0
37,101559,40557,1781,58,54,1,electronics,1,1,0,1,212,1
40,35699,16629,431,27,133,4,online,1,22,0,1,31,0
61,90061,24641,1219,26,141,2,online,1,20,1,0,45,0
69,34715,7063,4685,7,156,0,food,1,22,0,1,8,0
40,44169,12091,900,42,43,2,food,1,12,1,0,17,0
74,143413,55842,4827,47,89,0,online,1,16,0,0,47,0
42,41163,4265,3277,53,115,4,travel,1,16,1,1,39,1
48,144264,48441,4986,59,99,3,electronics,1,15,0,1,76,1
60,30782,10629,1483,38,47,1,electronics,1,20,1,1,15,0
69,113177,40186,3253,69,231,4,travel,1,17,0,1,52,1
27,149481,29419,4488,53,71,0,travel,1,7,0,1,17,0
21,109328,42159,2191,15,166,0,online,1,2,0,1,44,1
52,140028,19121,1459,26,224,0,food,0,16,0,1,46,0
33,60585,10887,3106,48,67,0,travel,1,17,0,1,6,0
50,55682,25111,3266,19,62,1,food,1,22,0,1,39,1
43,72864,28816,3166,9,109,2,retail,1,5,0,1,0,0
71,109416,11543,1600,64,167,3,electronics,1,7,1,1,34,0
39,80114,15970,4249,54,37,1,online,1,22,0,1,59,0
52,63067,11715,3991,51,119,0,electronics,1,12,1,1,3,0
50,67685,14100,1445,39,86,1,online,1,7,0,0,139,0
49,147262,29308,233,4,126,4,retail,0,18,0,1,30,1
69,43073,5384,229,3,136,0,electronics,1,5,1,1,139,0
65,61035,17308,4284,64,209,3,retail,1,22,1,1,5,1
49,89977,35369,1664,29,52,0,online,1,14,0,1,149,0
50,127710,43765,4538,11,91,3,travel,1,9,0,1,5,0
36,115373,42589,274,58,33,3,electronics,1,16,0,1,30,0
60,108362,14353,963,75,238,2,retail,1,0,0,1,139,0
39,115517,55517,4534,27,81,2,electronics,1,6,0,0,13,0
38,90450,39381,3743,21,42,1,electronics,1,12,0,1,1,0
21,35382,14932,2784,39,204,1,electronics,1,2,0,0,78,1
34,29437,12634,3134,46,112,3,food,0,18,0,0,45,1
71,95971,45402,489,66,238,0,retail,1,14,1,1,36,0
67,89612,28469,3524,36,126,4,retail,1,4,1,1,1,1
70,115355,20776,1363,75,155,4,electronics,1,10,0,1,52,0
22,86929,30139,3332,65,136,0,travel,1,21,0,1,9,0
74,127411,50601,3888,63,151,0,electronics,1,17,0,0,133,1
48,122518,48415,899,35,106,2,food,1,2,1,1,57,0
69,123864,38221,3864,31,125,4,online,1,5,0,1,61,1
70,37329,4755,934,28,113,3,food,1,2,0,0,13,1
50,50169,12464,2180,1,64,1,travel,1,4,0,0,106,0
58,112468,52669,1912,25,123,2,electronics,1,8,0,1,38,0
71,59594,19891,4883,43,221,4,retail,1,18,0,0,97,1
24,101957,32150,2405,67,114,0,electronics,1,12,1,1,15,1
21,85631,17771,38,63,20,4,travel,1,5,0,1,70,0
28,70033,17324,44,51,16,3,retail,1,10,0,1,42,0
49,88133,40377,3599,2,145,2,food,1,20,0,1,2,0
59,98165,35985,2680,64,208,0,online,1,20,0,1,25,0
23,98861,41022,3375,74,19,3,online,1,13,0,1,10,0
52,77290,21775,598,69,120,1,electronics,1,5,0,1,22,0
30,119031,41910,3228,9,136,2,food,1,5,0,1,24,0
30,56750,11313,3148,2,166,3,travel,0,16,1,1,32,1
39,120155,45921,913,34,38,3,online,1,10,1,1,45,1
66,65461,17742,4096,60,181,0,food,1,14,0,1,42,0
54,98800,27369,2179,61,93,1,electronics,1,8,1,1,1,1
53,103222,37131,349,31,105,3,retail,1,20,1,0,69,0
43,137020,65017,4280,10,100,2,electronics,1,16,0,0,148,0
48,49226,6182,1724,76,90,3,electronics,1,23,0,1,21,0
52,31721,13636,4702,36,159,4,food,1,6,0,1,9,1
70,81154,17606,4556,49,44,2,online,1,6,0,0,38,1
27,45609,12659,566,70,188,2,food,1,20,1,0,61,0
49,77130,8389,3097,49,76,3,retail,1,0,0,1,56,1
28,97909,21580,3276,3,145,0,food,1,7,0,1,47,0
21,129211,38899,3577,74,79,2,travel,1,4,0,1,7,1
23,80249,9828,2066,5,73,4,electronics,1,18,0,1,90,0
44,73895,21905,3909,61,167,0,online,1,7,0,1,27,0
43,119473,56253,1026,26,170,0,retail,0,16,0,1,12,0
28,30656,4357,2072,72,176,0,electronics,1,18,0,1,4,0
74,149865,60811,848,5,140,2,food,0,11,1,0,26,1
67,99520,26260,1647,15,96,0,travel,1,22,1,1,48,0
57,88740,32130,4331,16,89,3,food,0,14,1,1,54,1
23,89309,18227,3506,1,103,0,electronics,1,3,1,0,164,0
71,54984,9006,1823,16,146,4,retail,1,22,1,1,8,0
53,143947,23633,3489,37,207,1,online,1,11,0,1,212,1
48,98822,12668,1461,3,224,4,electronics,1,12,0,0,53,1
67,30901,5384,2323,52,6,2,retail,1,13,0,1,30,0
28,56552,20680,1524,47,122,0,electronics,1,4,0,0,109,0
54,116245,52621,1241,13,236,0,travel,1,21,0,1,59,0
55,56055,23859,1655,55,171,3,food,1,15,1,1,21,0
52,62685,23447,3009,21,116,0,online,1,6,0,0,107,0
44,98965,14268,3450,66,163,4,retail,0,14,0,1,54,1
34,39716,8565,4066,54,226,2,online,1,12,0,1,60,0
52,139099,31147,315,27,230,1,online,0,15,0,1,113,0
66,36138,7226,3546,38,182,0,online,0,11,1,1,29,1
63,60298,18451,1733,58,62,1,retail,1,6,0,0,53,0
36,76112,23916,1699,62,197,0,retail,1,15,0,1,68,0
24,48429,11756,1527,46,210,2,online,1,22,0,1,30,0
72,75200,18161,3927,11,144,4,food,1,22,1,1,4,1
57,96308,41549,429,72,136,2,electronics,1,12,0,1,73,0
74,73244,30448,2946,8,89,1,online,1,22,0,1,2,0
41,142217,31731,3872,71,96,0,travel,1,2,1,0,63,0
34,139055,64732,4239,64,126,1,online,1,14,0,1,120,0
51,126268,60750,1460,21,90,4,retail,1,2,0,1,21,1
68,130441,30092,3106,72,86,2,electronics,1,6,0,1,5,0
38,42347,10238,3271,63,159,1,travel,1,17,1,1,13,0
27,41920,12670,1174,64,235,1,electronics,1,13,0,1,41,0
30,56822,27072,1879,20,138,4,electronics,1,17,0,1,142,0
27,71659,32284,1829,8,184,0,travel,0,18,0,1,35,0
53,65108,9181,2715,58,121,1,online,1,13,0,0,5,0
43,114099,29333,3525,46,76,4,online,1,19,0,1,49,1
