tenure,monthly_charges,total_charges,num_products,support_calls,contract_type,payment_method,age_group,region,internet_service,online_backup,tech_support,churn,charges_per_tenure,high_support,churn_score,score_band,prediction,prediction_label,model_version,model_hash,scored_at
52,29.06,1709.03,3,3,0,0,1,1,1,0,1,1,0.5483018867924528,0,0.345202,MEDIUM-LOW,0,NO_CHURN,v1.0.0,af74b39f,2026-08-21T04:42:40.646452+00:00
15,86.8,1140.86,4,2,0,0,2,0,2,1,0,1,5.425,0,0.727069,HIGH,1,CHURN,v1.0.0,af74b39f,2026-08-21T04:42:40.646452+00:00
61,33.33,2068.61,5,4,1,0,1,3,2,0,0,1,0.5375806451612903,1,0.18443,LOW,0,NO_CHURN,v1.0.0,af74b39f,2026-08-21T04:42:40.646452+00:00
21,105.18,2045.78,2,2,0,3,0,0,1,0,1,1,4.780909090909091,0,0.847585,HIGH,1,CHURN,v1.0.0,af74b39f,2026-08-21T04:42:40.646452+00:00
24,101.72,2176.91,5,2,0,3,2,1,2,0,1,1,4.0687999999999995,0,0.754422,HIGH,1,CHURN,v1.0.0,af74b39f,2026-08-21T04:42:40.646452+00:00
3,21.37,58.69,1,2,0,0,1,0,2,1,1,1,5.3425,0,0.781621,HIGH,1,CHURN,v1.0.0,af74b39f,2026-08-21T04:42:40.646452+00:00
22,109.57,2466.83,4,1,1,3,2,0,1,1,1,1,4.763913043478261,0,0.623115,HIGH,1,CHURN,v1.0.0,af74b39f,2026-08-21T04:42:40.646452+00:00
53,22.89,1055.1,2,2,0,0,2,0,1,1,1,1,0.4238888888888889,0,0.223186,MEDIUM-LOW,0,NO_CHURN,v1.0.0,af74b39f,2026-08-21T04:42:40.646452+00:00
2,43.96,86.19,5,0,1,0,2,3,2,0,1,1,14.653333333333334,0,0.536755,MEDIUM-HIGH,1,CHURN,v1.0.0,af74b39f,2026-08-21T04:42:40.646452+00:00
30,23.24,620.88,2,3,0,3,1,2,1,0,1,1,0.7496774193548387,0,0.431869,MEDIUM-HIGH,1,CHURN,v1.0.0,af74b39f,2026-08-21T04:42:40.646452+00:00
38,53.58,1897.34,1,3,0,1,2,2,2,0,0,0,1.3738461538461537,0,0.609235,HIGH,1,CHURN,v1.0.0,af74b39f,2026-08-21T04:42:40.646452+00:00
2,71.39,129.53,4,3,2,0,0,2,0,1,1,0,23.796666666666667,0,0.642711,HIGH,1,CHURN,v1.0.0,af74b39f,2026-08-21T04:42:40.646452+00:00
64,99.66,7111.37,2,3,0,2,0,0,1,0,1,1,1.5332307692307692,0,0.536066,MEDIUM-HIGH,1,CHURN,v1.0.0,af74b39f,2026-08-21T04:42:40.646452+00:00
60,53.8,3429.32,1,1,1,1,3,1,2,0,0,0,0.881967213114754,0,0.078775,LOW,0,NO_CHURN,v1.0.0,af74b39f,2026-08-21T04:42:40.646452+00:00
21,90.55,2111.72,3,1,1,1,2,0,1,0,1,0,4.115909090909091,0,0.466573,MEDIUM-HIGH,1,CHURN,v1.0.0,af74b39f,2026-08-21T04:42:40.646452+00:00
33,38.75,1234.06,2,2,1,1,2,0,1,1,1,1,1.1397058823529411,0,0.193569,LOW,0,NO_CHURN,v1.0.0,af74b39f,2026-08-21T04:42:40.646452+00:00
58,95.06,5204.85,4,2,1,1,1,2,1,0,1,0,1.6111864406779661,0,0.259191,MEDIUM-LOW,0,NO_CHURN,v1.0.0,af74b39f,2026-08-21T04:42:40.646452+00:00
22,43.6,924.83,2,0,1,0,1,2,2,1,1,0,1.8956521739130436,0,0.322381,MEDIUM-LOW,0,NO_CHURN,v1.0.0,af74b39f,2026-08-21T04:42:40.646452+00:00
49,34.35,1440.23,2,0,1,0,2,3,1,1,1,0,0.687,0,0.119056,LOW,0,NO_CHURN,v1.0.0,af74b39f,2026-08-21T04:42:40.646452+00:00
59,38.54,2427.2,1,0,0,0,1,0,1,0,1,0,0.6423333333333333,0,0.306612,MEDIUM-LOW,0,NO_CHURN,v1.0.0,af74b39f,2026-08-21T04:42:40.646452+00:00
42,38.21,1532.35,5,2,0,2,2,3,2,1,0,0,0.8886046511627907,0,0.345202,MEDIUM-LOW,0,NO_CHURN,v1.0.0,af74b39f,2026-08-21T04:42:40.646452+00:00
60,71.29,4037.64,5,1,2,0,2,3,1,1,0,0,1.1686885245901641,0,0.026923,LOW,0,NO_CHURN,v1.0.0,af74b39f,2026-08-21T04:42:40.646452+00:00
15,104.48,1613.34,2,3,2,0,3,3,1,1,0,0,6.53,0,0.604116,HIGH,1,CHURN,v1.0.0,af74b39f,2026-08-21T04:42:40.646452+00:00
62,27.96,1700.4,4,1,0,2,2,2,1,1,0,0,0.4438095238095238,0,0.142645,LOW,0,NO_CHURN,v1.0.0,af74b39f,2026-08-21T04:42:40.646452+00:00
62,90.7,6434.28,4,2,0,0,1,3,0,1,1,0,1.4396825396825397,0,0.247017,MEDIUM-LOW,0,NO_CHURN,v1.0.0,af74b39f,2026-08-21T04:42:40.646452+00:00
47,85.43,3842.27,1,3,0,3,2,0,1,1,0,1,1.7797916666666669,0,0.600326,HIGH,1,CHURN,v1.0.0,af74b39f,2026-08-21T04:42:40.646452+00:00
62,107.25,6876.83,2,1,1,3,2,3,1,1,1,0,1.7023809523809523,0,0.244645,MEDIUM-LOW,0,NO_CHURN,v1.0.0,af74b39f,2026-08-21T04:42:40.646452+00:00
51,44.41,2137.16,2,4,0,0,3,2,1,0,1,1,0.8540384615384615,1,0.400752,MEDIUM-HIGH,1,CHURN,v1.0.0,af74b39f,2026-08-21T04:42:40.646452+00:00
55,65.01,4101.86,5,1,1,1,2,0,1,1,0,0,1.1608928571428572,0,0.113557,LOW,0,NO_CHURN,v1.0.0,af74b39f,2026-08-21T04:42:40.646452+00:00
64,112.58,7086.65,1,2,2,0,3,0,1,0,0,0,1.732,0,0.092651,LOW,0,NO_CHURN,v1.0.0,af74b39f,2026-08-21T04:42:40.646452+00:00
3,86.0,268.38,3,1,2,2,0,1,2,1,1,0,21.5,0,0.535893,MEDIUM-HIGH,1,CHURN,v1.0.0,af74b39f,2026-08-21T04:42:40.646452+00:00
51,58.88,2666.46,4,4,0,1,2,2,1,1,1,0,1.1323076923076925,1,0.421231,MEDIUM-HIGH,1,CHURN,v1.0.0,af74b39f,2026-08-21T04:42:40.646452+00:00
7,33.14,248.21,4,4,2,2,0,1,0,0,0,1,4.1425,1,0.709061,HIGH,1,CHURN,v1.0.0,af74b39f,2026-08-21T04:42:40.646452+00:00
21,46.25,903.97,2,0,1,3,2,2,0,0,1,0,2.102272727272727,0,0.426735,MEDIUM-HIGH,1,CHURN,v1.0.0,af74b39f,2026-08-21T04:42:40.646452+00:00
39,78.12,2999.77,1,3,0,2,2,2,1,1,1,0,1.953,0,0.676155,HIGH,1,CHURN,v1.0.0,af74b39f,2026-08-21T04:42:40.646452+00:00
18,91.82,1842.66,3,1,0,0,0,2,1,0,1,0,4.832631578947368,0,0.671301,HIGH,1,CHURN,v1.0.0,af74b39f,2026-08-21T04:42:40.646452+00:00
4,32.44,148.09,4,2,1,3,2,1,1,1,1,1,6.4879999999999995,0,0.686846,HIGH,1,CHURN,v1.0.0,af74b39f,2026-08-21T04:42:40.646452+00:00
60,79.96,4689.02,1,0,2,1,0,3,0,1,1,0,1.3108196721311474,0,0.07532,LOW,0,NO_CHURN,v1.0.0,af74b39f,2026-08-21T04:42:40.646452+00:00
14,75.04,1156.0,3,2,0,0,0,2,1,1,1,0,5.002666666666667,0,0.710015,HIGH,1,CHURN,v1.0.0,af74b39f,2026-08-21T04:42:40.646452+00:00
9,71.4,556.46,2,3,0,3,1,0,0,0,0,1,7.140000000000001,0,0.899656,HIGH,1,CHURN,v1.0.0,af74b39f,2026-08-21T04:42:40.646452+00:00
53,89.01,5209.57,5,0,0,1,1,0,0,1,1,1,1.6483333333333334,0,0.315574,MEDIUM-LOW,0,NO_CHURN,v1.0.0,af74b39f,2026-08-21T04:42:40.646452+00:00
2,103.74,215.55,4,4,2,3,0,2,2,1,1,1,34.58,1,0.811975,HIGH,1,CHURN,v1.0.0,af74b39f,2026-08-21T04:42:40.646452+00:00
60,52.3,3127.31,4,0,2,1,0,2,2,0,0,0,0.8573770491803279,0,0.103283,LOW,0,NO_CHURN,v1.0.0,af74b39f,2026-08-21T04:42:40.646452+00:00
71,108.9,8636.54,3,6,0,1,1,2,2,1,1,0,1.5125000000000002,1,0.487884,MEDIUM-HIGH,1,CHURN,v1.0.0,af74b39f,2026-08-21T04:42:40.646452+00:00
44,36.06,1751.18,5,4,0,2,0,3,0,1,1,0,0.8013333333333333,1,0.407928,MEDIUM-HIGH,1,CHURN,v1.0.0,af74b39f,2026-08-21T04:42:40.646452+00:00
8,37.3,280.24,1,7,2,0,1,2,1,0,0,1,4.144444444444444,1,0.822045,HIGH,1,CHURN,v1.0.0,af74b39f,2026-08-21T04:42:40.646452+00:00
47,46.68,2385.67,2,0,1,1,2,3,1,0,0,0,0.9725,0,0.193569,LOW,0,NO_CHURN,v1.0.0,af74b39f,2026-08-21T04:42:40.646452+00:00
35,31.95,983.98,1,2,2,1,2,3,2,1,0,1,0.8875,0,0.219093,MEDIUM-LOW,0,NO_CHURN,v1.0.0,af74b39f,2026-08-21T04:42:40.646452+00:00
36,43.03,1699.15,3,0,2,2,3,2,1,0,1,0,1.162972972972973,0,0.110233,LOW,0,NO_CHURN,v1.0.0,af74b39f,2026-08-21T04:42:40.646452+00:00
50,30.64,1612.7,4,1,0,1,0,2,1,1,1,0,0.6007843137254902,0,0.335173,MEDIUM-LOW,0,NO_CHURN,v1.0.0,af74b39f,2026-08-21T04:42:40.646452+00:00
4,102.18,358.17,4,2,1,1,3,3,0,0,0,1,20.436,0,0.747971,HIGH,1,CHURN,v1.0.0,af74b39f,2026-08-21T04:42:40.646452+00:00
2,33.9,71.52,1,2,0,3,1,1,1,0,1,1,11.299999999999999,0,0.819425,HIGH,1,CHURN,v1.0.0,af74b39f,2026-08-21T04:42:40.646452+00:00
6,94.73,582.11,2,2,2,0,1,3,2,1,1,0,13.532857142857143,0,0.645542,HIGH,1,CHURN,v1.0.0,af74b39f,2026-08-21T04:42:40.646452+00:00
54,24.79,1376.71,3,1,1,2,1,0,1,1,0,0,0.4507272727272727,0,0.086617,LOW,0,NO_CHURN,v1.0.0,af74b39f,2026-08-21T04:42:40.646452+00:00
4,114.85,430.58,2,4,2,2,0,2,0,0,0,1,22.97,1,0.8119,HIGH,1,CHURN,v1.0.0,af74b39f,2026-08-21T04:42:40.646452+00:00
54,91.12,4575.6,3,2,2,1,1,1,1,1,0,0,1.6567272727272728,0,0.109165,LOW,0,NO_CHURN,v1.0.0,af74b39f,2026-08-21T04:42:40.646452+00:00
63,20.68,1405.43,2,3,0,1,2,1,2,1,0,0,0.323125,0,0.090228,LOW,0,NO_CHURN,v1.0.0,af74b39f,2026-08-21T04:42:40.646452+00:00
18,96.39,1608.37,1,2,0,2,3,2,0,0,0,1,5.073157894736842,0,0.850471,HIGH,1,CHURN,v1.0.0,af74b39f,2026-08-21T04:42:40.646452+00:00
44,71.41,3091.31,5,3,0,1,3,1,1,0,0,0,1.5868888888888888,0,0.485321,MEDIUM-HIGH,1,CHURN,v1.0.0,af74b39f,2026-08-21T04:42:40.646452+00:00
34,97.94,3524.43,3,1,2,1,2,0,2,1,0,0,2.798285714285714,0,0.188439,LOW,0,NO_CHURN,v1.0.0,af74b39f,2026-08-21T04:42:40.646452+00:00
62,72.25,3914.55,1,2,2,3,2,2,1,0,1,0,1.1468253968253967,0,0.18039,LOW,0,NO_CHURN,v1.0.0,af74b39f,2026-08-21T04:42:40.646452+00:00
14,84.1,1210.83,4,5,2,2,1,3,0,0,1,1,5.6066666666666665,1,0.701315,HIGH,1,CHURN,v1.0.0,af74b39f,2026-08-21T04:42:40.646452+00:00
48,98.63,4861.33,4,3,1,1,3,2,1,1,1,0,2.012857142857143,0,0.261924,MEDIUM-LOW,0,NO_CHURN,v1.0.0,af74b39f,2026-08-21T04:42:40.646452+00:00
15,60.51,957.83,2,2,0,0,2,0,0,1,1,0,3.781875,0,0.64001,HIGH,1,CHURN,v1.0.0,af74b39f,2026-08-21T04:42:40.646452+00:00
62,20.27,1207.75,4,0,0,1,1,1,0,1,0,0,0.3217460317460317,0,0.137935,LOW,0,NO_CHURN,v1.0.0,af74b39f,2026-08-21T04:42:40.646452+00:00
40,104.99,4135.5,5,1,0,3,2,2,0,1,0,1,2.560731707317073,0,0.586113,MEDIUM-HIGH,1,CHURN,v1.0.0,af74b39f,2026-08-21T04:42:40.646452+00:00
53,58.09,2921.68,3,2,1,3,1,0,0,0,1,0,1.0757407407407409,0,0.222145,MEDIUM-LOW,0,NO_CHURN,v1.0.0,af74b39f,2026-08-21T04:42:40.646452+00:00
24,69.6,1824.94,2,4,2,2,2,3,2,1,0,1,2.784,1,0.5934,MEDIUM-HIGH,1,CHURN,v1.0.0,af74b39f,2026-08-21T04:42:40.646452+00:00
26,20.78,480.33,3,1,0,3,3,0,2,0,0,0,0.7696296296296297,0,0.35137,MEDIUM-LOW,1,CHURN,v1.0.0,af74b39f,2026-08-21T04:42:40.646452+00:00
60,69.21,4729.28,3,5,2,3,2,2,1,1,0,0,1.134590163934426,1,0.205343,MEDIUM-LOW,0,NO_CHURN,v1.0.0,af74b39f,2026-08-21T04:42:40.646452+00:00
41,118.65,5061.38,1,3,0,0,3,0,2,0,1,0,2.825,0,0.77691,HIGH,1,CHURN,v1.0.0,af74b39f,2026-08-21T04:42:40.646452+00:00
29,47.83,1547.97,4,2,0,3,3,3,2,0,1,0,1.5943333333333334,0,0.460686,MEDIUM-HIGH,1,CHURN,v1.0.0,af74b39f,2026-08-21T04:42:40.646452+00:00
15,59.54,873.36,3,5,1,1,0,2,1,1,1,1,3.72125,1,0.750575,HIGH,1,CHURN,v1.0.0,af74b39f,2026-08-21T04:42:40.646452+00:00
45,88.72,3791.47,5,3,0,3,0,1,0,0,1,1,1.928695652173913,0,0.615014,HIGH,1,CHURN,v1.0.0,af74b39f,2026-08-21T04:42:40.646452+00:00
65,101.48,7389.13,5,1,2,0,1,2,2,0,0,0,1.5375757575757576,0,0.079903,LOW,0,NO_CHURN,v1.0.0,af74b39f,2026-08-21T04:42:40.646452+00:00
71,61.74,3855.98,4,2,0,2,3,3,1,1,0,0,0.8575,0,0.189527,LOW,0,NO_CHURN,v1.0.0,af74b39f,2026-08-21T04:42:40.646452+00:00
9,50.97,406.01,4,3,0,0,1,3,1,1,1,0,5.0969999999999995,0,0.716939,HIGH,1,CHURN,v1.0.0,af74b39f,2026-08-21T04:42:40.646452+00:00
1,113.78,106.93,2,0,2,1,2,2,1,1,1,0,56.89,0,0.671301,HIGH,1,CHURN,v1.0.0,af74b39f,2026-08-21T04:42:40.646452+00:00
8,87.71,798.51,2,2,2,1,1,3,0,0,0,0,9.745555555555555,0,0.560454,MEDIUM-HIGH,1,CHURN,v1.0.0,af74b39f,2026-08-21T04:42:40.646452+00:00
63,31.9,2090.07,2,3,1,2,2,0,2,0,1,0,0.4984375,0,0.105895,LOW,0,NO_CHURN,v1.0.0,af74b39f,2026-08-21T04:42:40.646452+00:00
11,26.89,300.63,4,2,0,0,1,0,0,0,1,0,2.2408333333333332,0,0.499384,MEDIUM-HIGH,1,CHURN,v1.0.0,af74b39f,2026-08-21T04:42:40.646452+00:00
8,68.35,580.53,3,0,0,0,1,1,1,0,1,1,7.594444444444444,0,0.757124,HIGH,1,CHURN,v1.0.0,af74b39f,2026-08-21T04:42:40.646452+00:00
35,42.01,1433.91,1,1,0,2,1,2,0,0,1,0,1.1669444444444443,0,0.425368,MEDIUM-HIGH,1,CHURN,v1.0.0,af74b39f,2026-08-21T04:42:40.646452+00:00
35,45.4,1711.97,2,1,0,2,2,1,1,0,0,1,1.261111111111111,0,0.424367,MEDIUM-HIGH,1,CHURN,v1.0.0,af74b39f,2026-08-21T04:42:40.646452+00:00
33,107.77,3442.47,1,2,2,2,1,0,1,1,1,0,3.169705882352941,0,0.317301,MEDIUM-LOW,0,NO_CHURN,v1.0.0,af74b39f,2026-08-21T04:42:40.646452+00:00
5,28.96,158.96,5,2,0,2,2,1,1,1,1,0,4.826666666666667,0,0.716939,HIGH,1,CHURN,v1.0.0,af74b39f,2026-08-21T04:42:40.646452+00:00
41,91.54,3490.99,4,3,0,1,1,3,0,0,0,1,2.17952380952381,0,0.540492,MEDIUM-HIGH,1,CHURN,v1.0.0,af74b39f,2026-08-21T04:42:40.646452+00:00
28,47.11,1231.16,5,4,1,1,2,2,1,1,0,0,1.6244827586206896,1,0.308754,MEDIUM-LOW,0,NO_CHURN,v1.0.0,af74b39f,2026-08-21T04:42:40.646452+00:00
7,96.03,676.74,2,2,2,2,3,2,0,1,0,1,12.00375,0,0.751242,HIGH,1,CHURN,v1.0.0,af74b39f,2026-08-21T04:42:40.646452+00:00
12,92.24,1083.9,3,0,0,3,2,2,1,1,0,1,7.095384615384615,0,0.878013,HIGH,1,CHURN,v1.0.0,af74b39f,2026-08-21T04:42:40.646452+00:00
34,20.74,736.46,2,0,0,2,1,0,0,0,0,1,0.5925714285714285,0,0.35518,MEDIUM-LOW,1,CHURN,v1.0.0,af74b39f,2026-08-21T04:42:40.646452+00:00
33,70.91,2244.87,1,3,0,3,2,3,1,0,0,1,2.0855882352941175,0,0.715611,HIGH,1,CHURN,v1.0.0,af74b39f,2026-08-21T04:42:40.646452+00:00
48,33.93,1497.08,2,2,0,3,0,0,0,0,0,0,0.6924489795918367,0,0.505028,MEDIUM-HIGH,1,CHURN,v1.0.0,af74b39f,2026-08-21T04:42:40.646452+00:00
23,106.62,2430.11,3,1,0,0,1,3,2,1,0,1,4.4425,0,0.775989,HIGH,1,CHURN,v1.0.0,af74b39f,2026-08-21T04:42:40.646452+00:00
62,107.16,6765.33,3,5,1,3,1,3,1,1,0,0,1.700952380952381,1,0.323095,MEDIUM-LOW,0,NO_CHURN,v1.0.0,af74b39f,2026-08-21T04:42:40.646452+00:00
37,61.83,2042.57,4,1,0,3,1,2,0,0,0,0,1.6271052631578946,0,0.369159,MEDIUM-LOW,1,CHURN,v1.0.0,af74b39f,2026-08-21T04:42:40.646452+00:00
44,64.44,2883.59,4,3,0,3,2,0,0,1,1,0,1.432,0,0.418545,MEDIUM-HIGH,1,CHURN,v1.0.0,af74b39f,2026-08-21T04:42:40.646452+00:00
35,50.33,1665.98,3,4,0,1,2,1,1,0,0,1,1.3980555555555556,1,0.623115,HIGH,1,CHURN,v1.0.0,af74b39f,2026-08-21T04:42:40.646452+00:00
65,91.66,5765.71,3,4,2,0,1,1,2,0,0,0,1.3887878787878787,1,0.133822,LOW,0,NO_CHURN,v1.0.0,af74b39f,2026-08-21T04:42:40.646452+00:00
47,55.87,2451.87,1,6,1,0,1,2,0,1,0,0,1.1639583333333332,1,0.368336,MEDIUM-LOW,1,CHURN,v1.0.0,af74b39f,2026-08-21T04:42:40.646452+00:00
3,46.78,158.5,2,1,2,3,1,0,2,1,1,1,11.695,0,0.633137,HIGH,1,CHURN,v1.0.0,af74b39f,2026-08-21T04:42:40.646452+00:00
1,63.22,66.7,4,4,0,1,1,3,1,1,0,1,31.61,1,0.828106,HIGH,1,CHURN,v1.0.0,af74b39f,2026-08-21T04:42:40.646452+00:00
5,29.15,135.36,1,4,2,2,1,2,2,0,0,1,4.858333333333333,1,0.708486,HIGH,1,CHURN,v1.0.0,af74b39f,2026-08-21T04:42:40.646452+00:00
14,94.66,1382.91,2,1,0,1,1,1,2,1,1,1,6.310666666666666,0,0.772312,HIGH,1,CHURN,v1.0.0,af74b39f,2026-08-21T04:42:40.646452+00:00
27,21.26,634.04,4,1,0,0,2,1,2,1,0,0,0.7592857142857143,0,0.243583,MEDIUM-LOW,0,NO_CHURN,v1.0.0,af74b39f,2026-08-21T04:42:40.646452+00:00
9,84.45,737.61,1,3,1,3,2,3,0,1,0,1,8.445,0,0.843454,HIGH,1,CHURN,v1.0.0,af74b39f,2026-08-21T04:42:40.646452+00:00
15,38.29,631.14,5,7,1,1,1,0,2,1,1,1,2.393125,1,0.664346,HIGH,1,CHURN,v1.0.0,af74b39f,2026-08-21T04:42:40.646452+00:00
42,43.24,1627.81,5,7,2,3,3,1,0,0,0,1,1.0055813953488373,1,0.411886,MEDIUM-HIGH,1,CHURN,v1.0.0,af74b39f,2026-08-21T04:42:40.646452+00:00
51,83.56,4674.4,4,1,1,2,1,0,1,1,0,1,1.606923076923077,0,0.183584,LOW,0,NO_CHURN,v1.0.0,af74b39f,2026-08-21T04:42:40.646452+00:00
63,119.29,7606.39,1,2,0,1,2,0,1,0,0,0,1.86390625,0,0.455995,MEDIUM-HIGH,1,CHURN,v1.0.0,af74b39f,2026-08-21T04:42:40.646452+00:00
52,97.77,4661.6,2,3,0,2,0,1,1,0,0,0,1.8447169811320754,0,0.587921,MEDIUM-HIGH,1,CHURN,v1.0.0,af74b39f,2026-08-21T04:42:40.646452+00:00
4,42.58,165.59,2,2,0,2,2,1,1,1,0,1,8.516,0,0.84482,HIGH,1,CHURN,v1.0.0,af74b39f,2026-08-21T04:42:40.646452+00:00
23,37.6,991.47,1,4,0,0,1,2,2,1,0,1,1.5666666666666667,1,0.738765,HIGH,1,CHURN,v1.0.0,af74b39f,2026-08-21T04:42:40.646452+00:00
15,106.62,1735.4,5,3,1,0,2,0,2,0,0,1,6.66375,0,0.700072,HIGH,1,CHURN,v1.0.0,af74b39f,2026-08-21T04:42:40.646452+00:00
43,64.42,2832.39,1,0,1,3,1,2,1,0,1,1,1.464090909090909,0,0.338394,MEDIUM-LOW,0,NO_CHURN,v1.0.0,af74b39f,2026-08-21T04:42:40.646452+00:00
29,33.71,864.61,5,1,2,2,1,0,1,1,1,0,1.1236666666666666,0,0.108475,LOW,0,NO_CHURN,v1.0.0,af74b39f,2026-08-21T04:42:40.646452+00:00
36,106.22,3729.68,5,1,1,2,2,1,0,1,0,1,2.8708108108108106,0,0.383444,MEDIUM-LOW,1,CHURN,v1.0.0,af74b39f,2026-08-21T04:42:40.646452+00:00
13,101.61,1227.02,2,4,1,0,2,0,1,0,0,0,7.257857142857143,1,0.73543,HIGH,1,CHURN,v1.0.0,af74b39f,2026-08-21T04:42:40.646452+00:00
32,118.39,3300.92,4,5,0,2,1,2,1,1,0,1,3.5875757575757574,1,0.843454,HIGH,1,CHURN,v1.0.0,af74b39f,2026-08-21T04:42:40.646452+00:00
71,110.97,7978.94,3,2,0,1,1,0,2,0,0,1,1.54125,0,0.522857,MEDIUM-HIGH,1,CHURN,v1.0.0,af74b39f,2026-08-21T04:42:40.646452+00:00
59,105.18,6930.1,1,2,2,2,0,1,2,1,1,0,1.7530000000000001,0,0.229992,MEDIUM-LOW,0,NO_CHURN,v1.0.0,af74b39f,2026-08-21T04:42:40.646452+00:00
28,25.26,744.46,5,6,2,2,0,2,1,1,0,0,0.8710344827586207,1,0.410252,MEDIUM-HIGH,1,CHURN,v1.0.0,af74b39f,2026-08-21T04:42:40.646452+00:00
66,30.44,1858.26,1,2,0,0,0,0,2,0,1,0,0.45432835820895523,0,0.236277,MEDIUM-LOW,0,NO_CHURN,v1.0.0,af74b39f,2026-08-21T04:42:40.646452+00:00
42,76.9,3301.03,4,3,2,0,1,0,2,0,1,1,1.7883720930232558,0,0.256751,MEDIUM-LOW,0,NO_CHURN,v1.0.0,af74b39f,2026-08-21T04:42:40.646452+00:00
45,73.15,3729.35,4,2,1,3,2,0,0,0,1,0,1.590217391304348,0,0.279008,MEDIUM-LOW,0,NO_CHURN,v1.0.0,af74b39f,2026-08-21T04:42:40.646452+00:00
62,65.8,4352.18,3,5,2,0,2,0,1,0,0,0,1.0444444444444445,1,0.214127,MEDIUM-LOW,0,NO_CHURN,v1.0.0,af74b39f,2026-08-21T04:42:40.646452+00:00
57,59.68,3595.06,3,0,0,1,2,3,1,0,0,1,1.0289655172413794,0,0.369159,MEDIUM-LOW,1,CHURN,v1.0.0,af74b39f,2026-08-21T04:42:40.646452+00:00
6,63.12,431.92,5,0,1,2,2,0,1,0,0,1,9.017142857142856,0,0.574401,MEDIUM-HIGH,1,CHURN,v1.0.0,af74b39f,2026-08-21T04:42:40.646452+00:00
28,76.93,2347.17,3,0,0,3,2,1,0,1,1,0,2.6527586206896556,0,0.526465,MEDIUM-HIGH,1,CHURN,v1.0.0,af74b39f,2026-08-21T04:42:40.646452+00:00
28,20.21,504.13,5,1,1,2,1,1,1,1,0,0,0.696896551724138,0,0.189393,LOW,0,NO_CHURN,v1.0.0,af74b39f,2026-08-21T04:42:40.646452+00:00
44,46.07,1934.46,2,3,0,0,3,2,0,1,0,0,1.0237777777777777,0,0.380309,MEDIUM-LOW,1,CHURN,v1.0.0,af74b39f,2026-08-21T04:42:40.646452+00:00
30,71.83,2455.53,5,1,0,2,2,0,2,1,0,0,2.317096774193548,0,0.549145,MEDIUM-HIGH,1,CHURN,v1.0.0,af74b39f,2026-08-21T04:42:40.646452+00:00
62,92.22,5700.08,3,3,1,2,1,3,2,0,0,0,1.463809523809524,0,0.261924,MEDIUM-LOW,0,NO_CHURN,v1.0.0,af74b39f,2026-08-21T04:42:40.646452+00:00
62,37.42,2049.5,1,1,0,1,3,3,1,0,0,0,0.593968253968254,0,0.237913,MEDIUM-LOW,0,NO_CHURN,v1.0.0,af74b39f,2026-08-21T04:42:40.646452+00:00
1,74.69,73.76,3,3,1,2,0,1,0,0,0,0,37.345,0,0.740472,HIGH,1,CHURN,v1.0.0,af74b39f,2026-08-21T04:42:40.646452+00:00
27,91.45,2614.96,4,1,1,1,2,3,1,0,1,0,3.2660714285714287,0,0.397847,MEDIUM-LOW,1,CHURN,v1.0.0,af74b39f,2026-08-21T04:42:40.646452+00:00
62,64.46,4593.26,3,4,2,2,0,1,1,1,1,0,1.0231746031746032,1,0.11744,LOW,0,NO_CHURN,v1.0.0,af74b39f,2026-08-21T04:42:40.646452+00:00
3,22.71,64.53,2,1,0,0,2,0,2,1,0,1,5.6775,0,0.819692,HIGH,1,CHURN,v1.0.0,af74b39f,2026-08-21T04:42:40.646452+00:00
70,64.93,4564.08,5,6,0,3,2,2,0,1,1,1,0.9145070422535212,1,0.322468,MEDIUM-LOW,0,NO_CHURN,v1.0.0,af74b39f,2026-08-21T04:42:40.646452+00:00
27,49.64,1493.08,4,6,0,0,2,0,2,1,1,1,1.772857142857143,1,0.674469,HIGH,1,CHURN,v1.0.0,af74b39f,2026-08-21T04:42:40.646452+00:00
9,112.96,972.54,5,3,0,3,2,3,1,0,0,1,11.296,0,1.0,HIGH,1,CHURN,v1.0.0,af74b39f,2026-08-21T04:42:40.646452+00:00
62,32.46,1776.68,5,1,1,2,2,2,0,1,0,0,0.5152380952380953,0,0.061939,LOW,0,NO_CHURN,v1.0.0,af74b39f,2026-08-21T04:42:40.646452+00:00
37,85.25,3578.97,3,1,0,0,1,2,0,0,1,0,2.2434210526315788,0,0.345202,MEDIUM-LOW,0,NO_CHURN,v1.0.0,af74b39f,2026-08-21T04:42:40.646452+00:00
51,25.27,1284.4,1,2,0,1,3,1,2,1,1,0,0.48596153846153844,0,0.231611,MEDIUM-LOW,0,NO_CHURN,v1.0.0,af74b39f,2026-08-21T04:42:40.646452+00:00
44,64.62,2845.52,4,2,0,0,1,2,1,1,1,0,1.4360000000000002,0,0.322197,MEDIUM-LOW,0,NO_CHURN,v1.0.0,af74b39f,2026-08-21T04:42:40.646452+00:00
24,75.4,1875.35,2,0,0,1,3,1,2,0,1,1,3.016,0,0.700608,HIGH,1,CHURN,v1.0.0,af74b39f,2026-08-21T04:42:40.646452+00:00
59,49.8,2500.36,2,2,2,2,2,3,2,1,1,0,0.83,0,0.095231,LOW,0,NO_CHURN,v1.0.0,af74b39f,2026-08-21T04:42:40.646452+00:00
32,65.51,2367.37,1,1,2,2,1,1,1,0,1,0,1.9851515151515153,0,0.220771,MEDIUM-LOW,0,NO_CHURN,v1.0.0,af74b39f,2026-08-21T04:42:40.646452+00:00
52,36.36,1811.9,1,5,1,3,0,0,1,1,1,0,0.6860377358490566,1,0.223133,MEDIUM-LOW,0,NO_CHURN,v1.0.0,af74b39f,2026-08-21T04:42:40.646452+00:00
62,50.41,3028.92,3,1,0,0,1,3,0,0,1,0,0.8001587301587301,0,0.210583,MEDIUM-LOW,0,NO_CHURN,v1.0.0,af74b39f,2026-08-21T04:42:40.646452+00:00
58,82.11,4296.81,2,1,2,2,3,0,2,1,1,0,1.3916949152542373,0,0.095231,LOW,0,NO_CHURN,v1.0.0,af74b39f,2026-08-21T04:42:40.646452+00:00
52,50.18,2513.98,4,2,2,3,1,3,1,0,0,0,0.9467924528301886,0,0.242562,MEDIUM-LOW,0,NO_CHURN,v1.0.0,af74b39f,2026-08-21T04:42:40.646452+00:00
12,109.97,1440.03,1,0,2,3,1,2,1,1,1,1,8.45923076923077,0,0.745977,HIGH,1,CHURN,v1.0.0,af74b39f,2026-08-21T04:42:40.646452+00:00
39,82.84,3521.55,1,1,1,2,1,3,2,1,1,1,2.071,0,0.35137,MEDIUM-LOW,1,CHURN,v1.0.0,af74b39f,2026-08-21T04:42:40.646452+00:00
2,63.86,144.43,1,3,0,1,1,0,0,0,0,0,21.286666666666665,0,0.799543,HIGH,1,CHURN,v1.0.0,af74b39f,2026-08-21T04:42:40.646452+00:00
3,23.88,69.55,4,0,0,1,1,3,1,1,1,0,5.97,0,0.623115,HIGH,1,CHURN,v1.0.0,af74b39f,2026-08-21T04:42:40.646452+00:00
56,69.95,4162.77,2,4,2,3,1,0,1,0,0,0,1.2271929824561405,1,0.266568,MEDIUM-LOW,0,NO_CHURN,v1.0.0,af74b39f,2026-08-21T04:42:40.646452+00:00
59,96.48,5704.54,4,1,2,2,3,2,0,1,1,0,1.608,0,0.103283,LOW,0,NO_CHURN,v1.0.0,af74b39f,2026-08-21T04:42:40.646452+00:00
2,46.56,101.6,4,0,0,0,2,0,0,0,1,0,15.520000000000001,0,0.650165,HIGH,1,CHURN,v1.0.0,af74b39f,2026-08-21T04:42:40.646452+00:00
2,100.68,214.19,3,4,0,0,2,1,1,0,0,1,33.56,1,0.955808,HIGH,1,CHURN,v1.0.0,af74b39f,2026-08-21T04:42:40.646452+00:00
54,45.18,2343.07,1,3,1,3,2,3,1,1,0,0,0.8214545454545454,0,0.193135,LOW,0,NO_CHURN,v1.0.0,af74b39f,2026-08-21T04:42:40.646452+00:00
1,102.37,97.36,2,1,2,0,1,0,1,1,1,1,51.185,0,0.680125,HIGH,1,CHURN,v1.0.0,af74b39f,2026-08-21T04:42:40.646452+00:00
19,28.53,501.76,3,3,1,2,3,0,2,1,0,0,1.4265,0,0.338578,MEDIUM-LOW,0,NO_CHURN,v1.0.0,af74b39f,2026-08-21T04:42:40.646452+00:00
2,106.62,218.13,3,2,1,0,0,0,1,1,1,1,35.54,0,0.809728,HIGH,1,CHURN,v1.0.0,af74b39f,2026-08-21T04:42:40.646452+00:00
53,69.92,4221.35,5,3,0,0,1,1,1,1,1,1,1.2948148148148149,0,0.369159,MEDIUM-LOW,1,CHURN,v1.0.0,af74b39f,2026-08-21T04:42:40.646452+00:00
44,49.65,1988.18,1,1,0,2,1,2,0,0,0,1,1.1033333333333333,0,0.483504,MEDIUM-HIGH,1,CHURN,v1.0.0,af74b39f,2026-08-21T04:42:40.646452+00:00
32,46.51,1307.64,2,1,1,1,2,1,0,1,0,0,1.4093939393939394,0,0.210583,MEDIUM-LOW,0,NO_CHURN,v1.0.0,af74b39f,2026-08-21T04:42:40.646452+00:00
70,63.2,3918.93,2,2,2,1,1,2,1,1,0,0,0.8901408450704226,0,0.005263,LOW,0,NO_CHURN,v1.0.0,af74b39f,2026-08-21T04:42:40.646452+00:00
32,119.9,4162.83,2,1,0,3,2,1,1,0,1,1,3.6333333333333333,0,0.830312,HIGH,1,CHURN,v1.0.0,af74b39f,2026-08-21T04:42:40.646452+00:00
68,42.03,2729.7,1,6,0,2,3,0,2,0,1,1,0.6091304347826088,1,0.477704,MEDIUM-HIGH,1,CHURN,v1.0.0,af74b39f,2026-08-21T04:42:40.646452+00:00
55,30.32,1529.79,2,3,1,1,2,1,1,1,0,0,0.5414285714285715,0,0.102812,LOW,0,NO_CHURN,v1.0.0,af74b39f,2026-08-21T04:42:40.646452+00:00
56,78.5,4202.12,4,5,0,0,1,3,1,0,0,1,1.3771929824561404,1,0.693321,HIGH,1,CHURN,v1.0.0,af74b39f,2026-08-21T04:42:40.646452+00:00
17,68.85,1221.56,4,1,1,3,2,2,1,0,1,0,3.8249999999999997,0,0.535893,MEDIUM-HIGH,1,CHURN,v1.0.0,af74b39f,2026-08-21T04:42:40.646452+00:00
38,72.42,2790.57,1,1,1,2,3,0,1,0,0,0,1.856923076923077,0,0.35137,MEDIUM-LOW,1,CHURN,v1.0.0,af74b39f,2026-08-21T04:42:40.646452+00:00
24,86.69,2232.69,2,3,1,2,1,2,1,1,1,1,3.4676,0,0.700608,HIGH,1,CHURN,v1.0.0,af74b39f,2026-08-21T04:42:40.646452+00:00
69,46.71,3067.68,5,0,2,3,0,0,2,1,1,0,0.6672857142857143,0,0.0,LOW,0,NO_CHURN,v1.0.0,af74b39f,2026-08-21T04:42:40.646452+00:00
70,111.07,7662.77,5,1,0,1,0,0,1,1,0,0,1.5643661971830984,0,0.350868,MEDIUM-LOW,1,CHURN,v1.0.0,af74b39f,2026-08-21T04:42:40.646452+00:00
11,63.57,615.74,5,0,1,3,1,3,1,1,1,1,5.2975,0,0.689942,HIGH,1,CHURN,v1.0.0,af74b39f,2026-08-21T04:42:40.646452+00:00
16,32.91,459.1,4,2,0,3,2,1,2,0,0,1,1.9358823529411762,0,0.736695,HIGH,1,CHURN,v1.0.0,af74b39f,2026-08-21T04:42:40.646452+00:00
59,94.23,5496.61,5,2,2,2,2,3,2,0,1,1,1.5705,0,0.210583,MEDIUM-LOW,0,NO_CHURN,v1.0.0,af74b39f,2026-08-21T04:42:40.646452+00:00
70,84.31,5550.45,2,2,2,2,1,2,2,0,0,0,1.1874647887323944,0,0.037608,LOW,0,NO_CHURN,v1.0.0,af74b39f,2026-08-21T04:42:40.646452+00:00
3,51.57,159.96,2,1,0,0,2,1,1,0,1,1,12.8925,0,0.750575,HIGH,1,CHURN,v1.0.0,af74b39f,2026-08-21T04:42:40.646452+00:00
20,82.15,1417.78,5,1,0,3,2,2,1,1,0,1,3.911904761904762,0,0.716939,HIGH,1,CHURN,v1.0.0,af74b39f,2026-08-21T04:42:40.646452+00:00
59,41.99,2196.1,3,1,0,2,2,1,2,1,0,0,0.6998333333333334,0,0.290415,MEDIUM-LOW,0,NO_CHURN,v1.0.0,af74b39f,2026-08-21T04:42:40.646452+00:00
36,64.48,2575.75,5,1,1,2,1,3,2,0,1,0,1.7427027027027029,0,0.284593,MEDIUM-LOW,0,NO_CHURN,v1.0.0,af74b39f,2026-08-21T04:42:40.646452+00:00
19,109.94,2130.44,3,1,0,2,1,0,1,0,0,1,5.497,0,0.806757,HIGH,1,CHURN,v1.0.0,af74b39f,2026-08-21T04:42:40.646452+00:00
67,33.35,2376.84,1,0,1,2,1,2,2,1,0,0,0.49044117647058827,0,0.092651,LOW,0,NO_CHURN,v1.0.0,af74b39f,2026-08-21T04:42:40.646452+00:00
19,58.67,1229.08,1,2,1,3,2,2,0,0,1,1,2.9335,0,0.620132,HIGH,1,CHURN,v1.0.0,af74b39f,2026-08-21T04:42:40.646452+00:00
20,102.11,2020.13,2,3,1,3,2,3,0,0,0,1,4.862380952380953,0,0.809728,HIGH,1,CHURN,v1.0.0,af74b39f,2026-08-21T04:42:40.646452+00:00
71,116.95,8953.69,4,2,2,1,1,3,2,0,0,0,1.6243055555555557,0,0.099474,LOW,0,NO_CHURN,v1.0.0,af74b39f,2026-08-21T04:42:40.646452+00:00
52,65.39,3425.5,2,6,0,3,0,1,2,0,1,0,1.2337735849056604,1,0.663917,HIGH,1,CHURN,v1.0.0,af74b39f,2026-08-21T04:42:40.646452+00:00
33,70.7,2139.04,2,2,2,2,2,2,2,0,0,0,2.0794117647058825,0,0.306022,MEDIUM-LOW,0,NO_CHURN,v1.0.0,af74b39f,2026-08-21T04:42:40.646452+00:00
40,77.22,2938.26,4,7,0,0,1,3,1,1,1,0,1.8834146341463414,1,0.601428,HIGH,1,CHURN,v1.0.0,af74b39f,2026-08-21T04:42:40.646452+00:00
39,113.23,4403.37,2,0,0,3,1,1,0,1,0,0,2.83075,0,0.723924,HIGH,1,CHURN,v1.0.0,af74b39f,2026-08-21T04:42:40.646452+00:00
1,105.82,100.01,4,2,0,1,0,1,1,1,1,1,52.91,0,0.897878,HIGH,1,CHURN,v1.0.0,af74b39f,2026-08-21T04:42:40.646452+00:00
11,37.06,387.55,2,2,1,3,0,2,2,0,0,1,3.0883333333333334,0,0.740547,HIGH,1,CHURN,v1.0.0,af74b39f,2026-08-21T04:42:40.646452+00:00
57,63.68,3452.46,1,4,0,2,1,1,1,1,0,0,1.0979310344827586,1,0.5146,MEDIUM-HIGH,1,CHURN,v1.0.0,af74b39f,2026-08-21T04:42:40.646452+00:00
50,66.4,2944.35,3,2,1,1,1,3,2,0,1,0,1.3019607843137255,0,0.25724,MEDIUM-LOW,0,NO_CHURN,v1.0.0,af74b39f,2026-08-21T04:42:40.646452+00:00
23,98.91,1991.45,2,1,0,2,2,3,2,0,0,1,4.12125,0,0.803358,HIGH,1,CHURN,v1.0.0,af74b39f,2026-08-21T04:42:40.646452+00:00
31,80.29,2150.34,3,1,2,2,3,3,1,1,0,0,2.5090625,0,0.246248,MEDIUM-LOW,0,NO_CHURN,v1.0.0,af74b39f,2026-08-21T04:42:40.646452+00:00
42,85.42,3168.99,5,6,1,3,1,2,2,0,1,0,1.9865116279069768,1,0.451201,MEDIUM-HIGH,1,CHURN,v1.0.0,af74b39f,2026-08-21T04:42:40.646452+00:00
7,119.82,799.41,2,3,1,3,1,3,2,1,1,1,14.9775,0,1.0,HIGH,1,CHURN,v1.0.0,af74b39f,2026-08-21T04:42:40.646452+00:00
16,27.5,452.33,1,0,2,1,1,0,2,1,1,0,1.6176470588235294,0,0.246391,MEDIUM-LOW,0,NO_CHURN,v1.0.0,af74b39f,2026-08-21T04:42:40.646452+00:00
60,42.3,2300.61,4,2,1,1,1,1,0,0,0,0,0.6934426229508196,0,0.099601,LOW,0,NO_CHURN,v1.0.0,af74b39f,2026-08-21T04:42:40.646452+00:00
2,60.79,135.73,1,5,0,1,2,0,2,1,0,1,20.263333333333332,1,0.862428,HIGH,1,CHURN,v1.0.0,af74b39f,2026-08-21T04:42:40.646452+00:00
1,54.78,59.85,3,1,0,1,1,1,1,1,1,1,27.39,0,0.732377,HIGH,1,CHURN,v1.0.0,af74b39f,2026-08-21T04:42:40.646452+00:00
48,22.16,1070.45,4,2,1,0,0,2,1,0,0,1,0.45224489795918366,0,0.352961,MEDIUM-LOW,1,CHURN,v1.0.0,af74b39f,2026-08-21T04:42:40.646452+00:00
12,29.18,373.68,1,0,0,1,2,3,2,0,1,1,2.2446153846153845,0,0.639541,HIGH,1,CHURN,v1.0.0,af74b39f,2026-08-21T04:42:40.646452+00:00
69,88.1,5834.82,1,3,0,3,2,1,1,0,1,1,1.2585714285714285,0,0.455036,MEDIUM-HIGH,1,CHURN,v1.0.0,af74b39f,2026-08-21T04:42:40.646452+00:00
37,107.93,3438.54,1,1,0,0,1,1,1,1,1,1,2.840263157894737,0,0.687947,HIGH,1,CHURN,v1.0.0,af74b39f,2026-08-21T04:42:40.646452+00:00
32,71.42,2562.76,4,2,1,2,0,3,1,1,0,1,2.164242424242424,0,0.507697,MEDIUM-HIGH,1,CHURN,v1.0.0,af74b39f,2026-08-21T04:42:40.646452+00:00
9,73.92,590.99,1,2,0,2,2,2,1,1,0,1,7.392,0,0.893859,HIGH,1,CHURN,v1.0.0,af74b39f,2026-08-21T04:42:40.646452+00:00
19,45.51,980.87,1,3,0,1,1,0,2,1,0,1,2.2755,0,0.756107,HIGH,1,CHURN,v1.0.0,af74b39f,2026-08-21T04:42:40.646452+00:00
48,96.79,4745.99,3,3,0,2,1,2,2,0,1,1,1.9753061224489796,0,0.567048,MEDIUM-HIGH,1,CHURN,v1.0.0,af74b39f,2026-08-21T04:42:40.646452+00:00
3,95.18,268.88,1,1,1,0,2,3,1,0,0,1,23.795,0,0.772312,HIGH,1,CHURN,v1.0.0,af74b39f,2026-08-21T04:42:40.646452+00:00
20,78.84,1574.61,1,1,1,3,1,0,0,1,0,1,3.7542857142857144,0,0.718368,HIGH,1,CHURN,v1.0.0,af74b39f,2026-08-21T04:42:40.646452+00:00
24,41.27,990.88,5,1,1,3,2,3,2,1,1,0,1.6508,0,0.250866,MEDIUM-LOW,0,NO_CHURN,v1.0.0,af74b39f,2026-08-21T04:42:40.646452+00:00
54,29.7,1374.52,4,0,0,0,2,0,1,0,0,0,0.54,0,0.238341,MEDIUM-LOW,0,NO_CHURN,v1.0.0,af74b39f,2026-08-21T04:42:40.646452+00:00
33,26.42,834.18,5,5,2,1,1,1,0,1,1,0,0.7770588235294118,1,0.243966,MEDIUM-LOW,0,NO_CHURN,v1.0.0,af74b39f,2026-08-21T04:42:40.646452+00:00
24,79.27,2039.37,3,2,0,1,2,3,1,0,1,1,3.1708,0,0.700072,HIGH,1,CHURN,v1.0.0,af74b39f,2026-08-21T04:42:40.646452+00:00
36,102.5,3701.27,5,2,1,1,2,3,0,0,1,1,2.77027027027027,0,0.456431,MEDIUM-HIGH,1,CHURN,v1.0.0,af74b39f,2026-08-21T04:42:40.646452+00:00
38,105.83,3713.07,2,2,2,0,1,1,0,0,0,0,2.7135897435897434,0,0.294859,MEDIUM-LOW,0,NO_CHURN,v1.0.0,af74b39f,2026-08-21T04:42:40.646452+00:00
25,66.36,1576.99,4,2,2,1,0,3,1,1,0,0,2.5523076923076924,0,0.412575,MEDIUM-HIGH,1,CHURN,v1.0.0,af74b39f,2026-08-21T04:42:40.646452+00:00
18,98.43,1964.65,1,1,1,3,2,0,1,0,1,1,5.180526315789474,0,0.752526,HIGH,1,CHURN,v1.0.0,af74b39f,2026-08-21T04:42:40.646452+00:00
66,114.69,7627.43,5,1,2,0,2,3,1,1,1,0,1.7117910447761193,0,0.017028,LOW,0,NO_CHURN,v1.0.0,af74b39f,2026-08-21T04:42:40.646452+00:00
54,47.52,2587.74,5,1,1,0,1,2,2,0,1,0,0.8640000000000001,0,0.110233,LOW,0,NO_CHURN,v1.0.0,af74b39f,2026-08-21T04:42:40.646452+00:00
35,59.8,2382.6,1,0,0,2,0,0,2,1,0,1,1.661111111111111,0,0.641179,HIGH,1,CHURN,v1.0.0,af74b39f,2026-08-21T04:42:40.646452+00:00
61,113.15,6531.14,1,4,0,2,3,3,2,0,0,1,1.8250000000000002,1,0.692224,HIGH,1,CHURN,v1.0.0,af74b39f,2026-08-21T04:42:40.646452+00:00
41,53.82,2193.2,3,3,1,1,2,1,1,1,0,0,1.2814285714285714,0,0.244645,MEDIUM-LOW,0,NO_CHURN,v1.0.0,af74b39f,2026-08-21T04:42:40.646452+00:00
33,111.39,4019.53,5,2,1,1,2,2,2,1,0,0,3.2761764705882355,0,0.412986,MEDIUM-HIGH,1,CHURN,v1.0.0,af74b39f,2026-08-21T04:42:40.646452+00:00
68,118.1,8654.91,5,5,0,3,2,2,2,0,1,0,1.7115942028985507,1,0.301739,MEDIUM-LOW,0,NO_CHURN,v1.0.0,af74b39f,2026-08-21T04:42:40.646452+00:00
33,86.18,2644.16,2,4,2,1,1,1,2,0,1,0,2.5347058823529416,1,0.372253,MEDIUM-LOW,1,CHURN,v1.0.0,af74b39f,2026-08-21T04:42:40.646452+00:00
14,101.69,1274.63,2,3,0,3,3,2,1,0,1,1,6.779333333333333,0,0.857282,HIGH,1,CHURN,v1.0.0,af74b39f,2026-08-21T04:42:40.646452+00:00
21,94.95,2114.11,5,3,0,1,0,2,0,0,1,0,4.315909090909091,0,0.723488,HIGH,1,CHURN,v1.0.0,af74b39f,2026-08-21T04:42:40.646452+00:00
48,89.95,4003.85,2,2,0,3,2,0,2,0,0,0,1.8357142857142859,0,0.57886,MEDIUM-HIGH,1,CHURN,v1.0.0,af74b39f,2026-08-21T04:42:40.646452+00:00
20,50.69,1142.42,5,1,2,0,1,3,0,1,1,0,2.413809523809524,0,0.124463,LOW,0,NO_CHURN,v1.0.0,af74b39f,2026-08-21T04:42:40.646452+00:00
8,25.71,182.8,4,4,2,3,3,0,1,1,0,0,2.856666666666667,1,0.468297,MEDIUM-HIGH,1,CHURN,v1.0.0,af74b39f,2026-08-21T04:42:40.646452+00:00
7,54.31,359.42,3,3,1,1,2,1,1,1,0,1,6.78875,0,0.657132,HIGH,1,CHURN,v1.0.0,af74b39f,2026-08-21T04:42:40.646452+00:00
67,86.69,5032.67,2,2,2,2,2,0,1,1,1,0,1.2748529411764706,0,0.017028,LOW,0,NO_CHURN,v1.0.0,af74b39f,2026-08-21T04:42:40.646452+00:00
17,30.25,545.67,5,5,2,1,3,2,1,0,0,0,1.6805555555555556,1,0.409142,MEDIUM-HIGH,1,CHURN,v1.0.0,af74b39f,2026-08-21T04:42:40.646452+00:00
33,21.19,781.42,2,3,2,0,3,1,2,0,1,0,0.6232352941176471,0,0.133822,LOW,0,NO_CHURN,v1.0.0,af74b39f,2026-08-21T04:42:40.646452+00:00
48,33.97,1696.99,3,1,0,2,0,3,2,0,0,0,0.693265306122449,0,0.537106,MEDIUM-HIGH,1,CHURN,v1.0.0,af74b39f,2026-08-21T04:42:40.646452+00:00
59,91.57,6112.38,4,1,1,3,1,1,0,0,1,0,1.5261666666666664,0,0.249891,MEDIUM-LOW,0,NO_CHURN,v1.0.0,af74b39f,2026-08-21T04:42:40.646452+00:00
22,117.28,2292.59,1,3,0,2,2,1,2,0,1,1,5.099130434782609,0,0.965278,HIGH,1,CHURN,v1.0.0,af74b39f,2026-08-21T04:42:40.646452+00:00
30,118.31,3110.23,1,0,2,1,3,2,1,1,0,0,3.8164516129032258,0,0.391354,MEDIUM-LOW,1,CHURN,v1.0.0,af74b39f,2026-08-21T04:42:40.646452+00:00
38,69.4,2904.85,2,4,2,2,1,0,1,0,1,0,1.7794871794871796,1,0.287981,MEDIUM-LOW,0,NO_CHURN,v1.0.0,af74b39f,2026-08-21T04:42:40.646452+00:00
51,106.94,6035.35,5,1,1,2,0,2,1,1,0,1,2.0565384615384614,0,0.367414,MEDIUM-LOW,1,CHURN,v1.0.0,af74b39f,2026-08-21T04:42:40.646452+00:00
54,93.68,5561.27,3,1,0,1,2,2,0,1,1,0,1.7032727272727275,0,0.358201,MEDIUM-LOW,1,CHURN,v1.0.0,af74b39f,2026-08-21T04:42:40.646452+00:00
8,70.1,611.13,4,2,0,1,1,0,1,0,0,1,7.788888888888888,0,0.843454,HIGH,1,CHURN,v1.0.0,af74b39f,2026-08-21T04:42:40.646452+00:00
27,77.28,2000.22,4,3,0,0,2,0,2,0,1,1,2.7600000000000002,0,0.5934,MEDIUM-HIGH,1,CHURN,v1.0.0,af74b39f,2026-08-21T04:42:40.646452+00:00
27,33.72,833.34,4,2,0,2,1,2,2,1,0,0,1.2042857142857142,0,0.555336,MEDIUM-HIGH,1,CHURN,v1.0.0,af74b39f,2026-08-21T04:42:40.646452+00:00
21,113.77,2696.42,1,2,1,3,2,3,1,1,0,0,5.171363636363636,0,0.802475,HIGH,1,CHURN,v1.0.0,af74b39f,2026-08-21T04:42:40.646452+00:00
30,55.19,1559.92,3,2,0,1,3,0,1,1,1,1,1.7803225806451612,0,0.421401,MEDIUM-HIGH,1,CHURN,v1.0.0,af74b39f,2026-08-21T04:42:40.646452+00:00
28,64.61,1754.08,1,1,2,2,1,3,1,0,0,1,2.2279310344827588,0,0.286444,MEDIUM-LOW,0,NO_CHURN,v1.0.0,af74b39f,2026-08-21T04:42:40.646452+00:00
64,87.17,5912.6,2,1,0,1,0,2,2,0,1,1,1.341076923076923,0,0.38293,MEDIUM-LOW,1,CHURN,v1.0.0,af74b39f,2026-08-21T04:42:40.646452+00:00
69,53.39,3455.55,4,3,2,0,2,0,1,0,1,0,0.7627142857142857,0,0.005263,LOW,0,NO_CHURN,v1.0.0,af74b39f,2026-08-21T04:42:40.646452+00:00
61,45.43,3036.27,3,0,1,1,1,2,1,1,0,0,0.732741935483871,0,0.096894,LOW,0,NO_CHURN,v1.0.0,af74b39f,2026-08-21T04:42:40.646452+00:00
48,83.1,3474.49,4,2,0,1,2,0,1,1,1,1,1.6959183673469387,0,0.385393,MEDIUM-LOW,1,CHURN,v1.0.0,af74b39f,2026-08-21T04:42:40.646452+00:00
19,22.5,464.81,1,3,0,0,1,1,0,1,0,0,1.125,0,0.655171,HIGH,1,CHURN,v1.0.0,af74b39f,2026-08-21T04:42:40.646452+00:00
4,92.07,379.54,1,4,2,1,2,0,2,0,1,0,18.413999999999998,1,0.483209,MEDIUM-HIGH,1,CHURN,v1.0.0,af74b39f,2026-08-21T04:42:40.646452+00:00
35,71.4,2553.81,1,5,1,0,3,2,0,1,0,1,1.9833333333333334,1,0.474774,MEDIUM-HIGH,1,CHURN,v1.0.0,af74b39f,2026-08-21T04:42:40.646452+00:00
64,80.58,5092.43,4,0,0,2,1,0,2,0,0,1,1.2396923076923076,0,0.251472,MEDIUM-LOW,0,NO_CHURN,v1.0.0,af74b39f,2026-08-21T04:42:40.646452+00:00
49,83.19,3803.57,3,2,0,2,3,0,2,0,1,1,1.6638,0,0.434277,MEDIUM-HIGH,1,CHURN,v1.0.0,af74b39f,2026-08-21T04:42:40.646452+00:00
17,72.71,1222.66,3,2,1,2,0,2,2,0,0,1,4.039444444444444,0,0.727069,HIGH,1,CHURN,v1.0.0,af74b39f,2026-08-21T04:42:40.646452+00:00
44,78.25,3391.53,2,1,0,3,2,0,2,0,0,1,1.738888888888889,0,0.52607,MEDIUM-HIGH,1,CHURN,v1.0.0,af74b39f,2026-08-21T04:42:40.646452+00:00
30,88.38,2717.98,4,0,0,1,0,1,2,0,1,1,2.8509677419354835,0,0.556578,MEDIUM-HIGH,1,CHURN,v1.0.0,af74b39f,2026-08-21T04:42:40.646452+00:00
46,95.31,4097.05,2,1,1,0,1,3,1,1,0,0,2.027872340425532,0,0.270122,MEDIUM-LOW,0,NO_CHURN,v1.0.0,af74b39f,2026-08-21T04:42:40.646452+00:00
6,92.75,485.95,2,3,1,1,2,3,2,0,1,1,13.25,0,0.718616,HIGH,1,CHURN,v1.0.0,af74b39f,2026-08-21T04:42:40.646452+00:00
37,106.96,3536.2,2,1,0,3,0,1,2,0,0,1,2.814736842105263,0,0.782562,HIGH,1,CHURN,v1.0.0,af74b39f,2026-08-21T04:42:40.646452+00:00
24,38.94,990.51,2,2,2,1,0,1,1,1,1,1,1.5575999999999999,0,0.345526,MEDIUM-LOW,0,NO_CHURN,v1.0.0,af74b39f,2026-08-21T04:42:40.646452+00:00
46,60.11,2369.15,1,0,1,3,1,3,1,1,0,0,1.278936170212766,0,0.274491,MEDIUM-LOW,0,NO_CHURN,v1.0.0,af74b39f,2026-08-21T04:42:40.646452+00:00
53,114.78,6733.83,2,2,2,1,2,1,1,1,1,0,2.1255555555555556,0,0.200119,MEDIUM-LOW,0,NO_CHURN,v1.0.0,af74b39f,2026-08-21T04:42:40.646452+00:00
60,59.66,3788.3,3,4,0,3,0,0,1,0,1,1,0.9780327868852459,1,0.576034,MEDIUM-HIGH,1,CHURN,v1.0.0,af74b39f,2026-08-21T04:42:40.646452+00:00
63,32.49,2211.29,2,1,0,0,1,3,0,0,1,0,0.50765625,0,0.233437,MEDIUM-LOW,0,NO_CHURN,v1.0.0,af74b39f,2026-08-21T04:42:40.646452+00:00
32,72.54,2555.41,1,2,0,1,2,3,1,0,0,1,2.1981818181818182,0,0.588504,MEDIUM-HIGH,1,CHURN,v1.0.0,af74b39f,2026-08-21T04:42:40.646452+00:00
33,30.95,905.72,5,2,0,1,1,3,2,1,0,1,0.9102941176470588,0,0.440043,MEDIUM-HIGH,1,CHURN,v1.0.0,af74b39f,2026-08-21T04:42:40.646452+00:00
67,40.29,2960.22,5,1,2,0,0,1,1,0,0,0,0.5925,0,0.0,LOW,0,NO_CHURN,v1.0.0,af74b39f,2026-08-21T04:42:40.646452+00:00
18,119.83,2159.98,5,4,2,0,2,0,2,1,1,0,6.306842105263158,1,0.682922,HIGH,1,CHURN,v1.0.0,af74b39f,2026-08-21T04:42:40.646452+00:00
25,74.14,2067.77,4,1,1,2,2,3,2,1,0,0,2.8515384615384614,0,0.394396,MEDIUM-LOW,1,CHURN,v1.0.0,af74b39f,2026-08-21T04:42:40.646452+00:00
54,48.41,2917.07,3,1,1,3,2,1,1,0,1,0,0.8801818181818181,0,0.149629,LOW,0,NO_CHURN,v1.0.0,af74b39f,2026-08-21T04:42:40.646452+00:00
58,119.48,5940.5,1,1,1,0,2,3,0,1,0,0,2.025084745762712,0,0.264348,MEDIUM-LOW,0,NO_CHURN,v1.0.0,af74b39f,2026-08-21T04:42:40.646452+00:00
67,116.66,7541.29,5,3,1,2,1,1,1,1,0,0,1.7155882352941176,0,0.121466,LOW,0,NO_CHURN,v1.0.0,af74b39f,2026-08-21T04:42:40.646452+00:00
46,64.07,2970.74,1,3,0,3,2,2,2,0,0,1,1.363191489361702,0,0.664301,HIGH,1,CHURN,v1.0.0,af74b39f,2026-08-21T04:42:40.646452+00:00
24,46.04,1164.09,1,3,1,2,1,0,2,0,1,0,1.8416,0,0.394041,MEDIUM-LOW,1,CHURN,v1.0.0,af74b39f,2026-08-21T04:42:40.646452+00:00
32,103.84,3109.74,4,4,1,1,1,3,2,0,0,1,3.146666666666667,1,0.606613,HIGH,1,CHURN,v1.0.0,af74b39f,2026-08-21T04:42:40.646452+00:00
47,91.56,3983.43,5,2,0,3,0,0,2,0,0,1,1.9075,0,0.526648,MEDIUM-HIGH,1,CHURN,v1.0.0,af74b39f,2026-08-21T04:42:40.646452+00:00
23,88.69,1967.3,2,3,0,1,2,3,1,0,0,1,3.6954166666666666,0,0.833757,HIGH,1,CHURN,v1.0.0,af74b39f,2026-08-21T04:42:40.646452+00:00
66,109.31,7216.58,1,0,0,1,2,0,0,0,0,0,1.6314925373134328,0,0.358174,MEDIUM-LOW,1,CHURN,v1.0.0,af74b39f,2026-08-21T04:42:40.646452+00:00
27,88.94,2726.44,5,2,1,1,3,2,1,0,0,0,3.176428571428571,0,0.4752,MEDIUM-HIGH,1,CHURN,v1.0.0,af74b39f,2026-08-21T04:42:40.646452+00:00
2,48.38,104.37,1,1,0,1,3,0,1,1,1,1,16.12666666666667,0,0.812408,HIGH,1,CHURN,v1.0.0,af74b39f,2026-08-21T04:42:40.646452+00:00
17,89.39,1487.35,4,1,1,1,3,2,1,1,0,1,4.966111111111111,0,0.521743,MEDIUM-HIGH,1,CHURN,v1.0.0,af74b39f,2026-08-21T04:42:40.646452+00:00
33,50.58,1446.03,4,0,0,1,0,3,2,1,1,1,1.4876470588235293,0,0.487359,MEDIUM-HIGH,1,CHURN,v1.0.0,af74b39f,2026-08-21T04:42:40.646452+00:00
9,95.92,777.46,2,1,0,2,2,0,1,0,1,1,9.592,0,0.979808,HIGH,1,CHURN,v1.0.0,af74b39f,2026-08-21T04:42:40.646452+00:00
43,81.97,3478.31,4,2,2,2,1,1,0,0,1,0,1.8629545454545455,0,0.202534,MEDIUM-LOW,0,NO_CHURN,v1.0.0,af74b39f,2026-08-21T04:42:40.646452+00:00
48,27.74,1456.94,5,4,1,3,2,3,2,1,1,0,0.5661224489795919,1,0.126041,LOW,0,NO_CHURN,v1.0.0,af74b39f,2026-08-21T04:42:40.646452+00:00
39,71.28,2680.56,4,5,0,3,1,2,2,0,0,1,1.782,1,0.693178,HIGH,1,CHURN,v1.0.0,af74b39f,2026-08-21T04:42:40.646452+00:00
42,54.33,2308.22,2,1,2,3,0,2,1,1,0,1,1.2634883720930232,0,0.36299,MEDIUM-LOW,1,CHURN,v1.0.0,af74b39f,2026-08-21T04:42:40.646452+00:00
26,52.86,1535.82,3,2,0,1,2,2,2,0,1,1,1.9577777777777778,0,0.510423,MEDIUM-HIGH,1,CHURN,v1.0.0,af74b39f,2026-08-21T04:42:40.646452+00:00
50,80.23,4509.24,1,2,2,1,3,3,1,0,1,0,1.5731372549019609,0,0.18443,LOW,0,NO_CHURN,v1.0.0,af74b39f,2026-08-21T04:42:40.646452+00:00
25,52.23,1194.47,1,2,1,2,2,3,2,0,0,1,2.0088461538461537,0,0.370201,MEDIUM-LOW,1,CHURN,v1.0.0,af74b39f,2026-08-21T04:42:40.646452+00:00
24,97.69,2023.53,5,0,0,2,1,0,2,0,1,1,3.9076,0,0.633133,HIGH,1,CHURN,v1.0.0,af74b39f,2026-08-21T04:42:40.646452+00:00
13,27.08,331.48,2,3,1,3,3,1,0,0,1,1,1.9342857142857142,0,0.520363,MEDIUM-HIGH,1,CHURN,v1.0.0,af74b39f,2026-08-21T04:42:40.646452+00:00
60,86.04,5465.57,2,2,0,0,1,2,2,1,1,0,1.4104918032786886,0,0.35518,MEDIUM-LOW,1,CHURN,v1.0.0,af74b39f,2026-08-21T04:42:40.646452+00:00
7,100.92,802.04,2,1,0,0,3,2,2,1,0,0,12.615,0,0.970085,HIGH,1,CHURN,v1.0.0,af74b39f,2026-08-21T04:42:40.646452+00:00
57,87.28,4343.84,1,4,0,1,3,0,0,1,0,0,1.5048275862068965,1,0.420768,MEDIUM-HIGH,1,CHURN,v1.0.0,af74b39f,2026-08-21T04:42:40.646452+00:00
36,69.72,2154.97,4,0,0,1,2,0,2,1,1,0,1.8843243243243244,0,0.342204,MEDIUM-LOW,0,NO_CHURN,v1.0.0,af74b39f,2026-08-21T04:42:40.646452+00:00
45,115.03,5772.93,1,4,1,1,2,1,2,1,0,1,2.5006521739130436,1,0.634585,HIGH,1,CHURN,v1.0.0,af74b39f,2026-08-21T04:42:40.646452+00:00
20,49.99,1074.31,1,4,2,2,2,2,2,1,0,1,2.3804761904761906,1,0.529102,MEDIUM-HIGH,1,CHURN,v1.0.0,af74b39f,2026-08-21T04:42:40.646452+00:00
65,21.92,1634.97,1,1,2,1,2,3,2,0,0,0,0.33212121212121215,0,0.017028,LOW,0,NO_CHURN,v1.0.0,af74b39f,2026-08-21T04:42:40.646452+00:00
8,63.2,489.94,4,1,0,1,1,3,0,0,0,1,7.022222222222222,0,0.727504,HIGH,1,CHURN,v1.0.0,af74b39f,2026-08-21T04:42:40.646452+00:00
16,23.3,363.43,3,1,1,1,2,3,0,0,0,1,1.3705882352941177,0,0.450895,MEDIUM-HIGH,1,CHURN,v1.0.0,af74b39f,2026-08-21T04:42:40.646452+00:00
14,115.39,1456.7,5,4,0,0,0,2,1,0,0,1,7.692666666666667,1,0.898892,HIGH,1,CHURN,v1.0.0,af74b39f,2026-08-21T04:42:40.646452+00:00
15,40.99,544.02,3,0,1,0,2,3,1,1,1,1,2.561875,0,0.309405,MEDIUM-LOW,0,NO_CHURN,v1.0.0,af74b39f,2026-08-21T04:42:40.646452+00:00
66,98.89,6681.05,3,2,2,3,2,2,2,0,1,0,1.4759701492537314,0,0.110062,LOW,0,NO_CHURN,v1.0.0,af74b39f,2026-08-21T04:42:40.646452+00:00
32,97.46,2991.66,1,2,0,1,1,3,1,0,0,1,2.953333333333333,0,0.724337,HIGH,1,CHURN,v1.0.0,af74b39f,2026-08-21T04:42:40.646452+00:00
63,41.77,2300.35,3,2,2,2,2,2,1,0,0,0,0.65265625,0,0.057153,LOW,0,NO_CHURN,v1.0.0,af74b39f,2026-08-21T04:42:40.646452+00:00
51,82.12,4674.5,1,4,2,0,1,2,0,1,0,0,1.5792307692307692,1,0.155611,LOW,0,NO_CHURN,v1.0.0,af74b39f,2026-08-21T04:42:40.646452+00:00
25,24.81,564.07,1,4,1,3,1,3,0,1,0,1,0.9542307692307692,1,0.442676,MEDIUM-HIGH,1,CHURN,v1.0.0,af74b39f,2026-08-21T04:42:40.646452+00:00
58,68.36,4260.4,5,4,1,1,0,3,0,0,1,0,1.15864406779661,1,0.318144,MEDIUM-LOW,0,NO_CHURN,v1.0.0,af74b39f,2026-08-21T04:42:40.646452+00:00
63,21.46,1263.93,2,2,1,0,1,1,1,1,1,0,0.3353125,0,0.036887,LOW,0,NO_CHURN,v1.0.0,af74b39f,2026-08-21T04:42:40.646452+00:00
62,112.11,7603.6,1,4,2,2,1,2,0,1,0,0,1.7795238095238095,1,0.170327,LOW,0,NO_CHURN,v1.0.0,af74b39f,2026-08-21T04:42:40.646452+00:00
22,117.61,2291.18,3,3,1,2,1,0,2,1,0,1,5.113478260869565,0,0.81262,HIGH,1,CHURN,v1.0.0,af74b39f,2026-08-21T04:42:40.646452+00:00
58,42.23,2637.39,5,2,0,2,1,2,1,0,1,0,0.7157627118644068,0,0.275945,MEDIUM-LOW,0,NO_CHURN,v1.0.0,af74b39f,2026-08-21T04:42:40.646452+00:00
58,40.81,2081.64,3,4,1,2,0,3,2,1,1,0,0.6916949152542373,1,0.272839,MEDIUM-LOW,0,NO_CHURN,v1.0.0,af74b39f,2026-08-21T04:42:40.646452+00:00
49,95.37,4598.81,2,2,0,1,1,2,1,0,0,1,1.9074,0,0.408444,MEDIUM-HIGH,1,CHURN,v1.0.0,af74b39f,2026-08-21T04:42:40.646452+00:00
52,45.34,2523.08,4,2,2,3,2,2,1,1,1,0,0.8554716981132076,0,0.162555,LOW,0,NO_CHURN,v1.0.0,af74b39f,2026-08-21T04:42:40.646452+00:00
42,109.51,4148.43,2,1,2,3,2,2,1,1,0,0,2.546744186046512,0,0.298949,MEDIUM-LOW,0,NO_CHURN,v1.0.0,af74b39f,2026-08-21T04:42:40.646452+00:00
70,77.39,5069.16,5,2,1,2,1,2,2,1,0,0,1.09,0,0.052526,LOW,0,NO_CHURN,v1.0.0,af74b39f,2026-08-21T04:42:40.646452+00:00
15,55.08,916.57,2,0,1,1,3,1,2,0,0,1,3.4425,0,0.555336,MEDIUM-HIGH,1,CHURN,v1.0.0,af74b39f,2026-08-21T04:42:40.646452+00:00
54,103.27,6220.84,2,2,2,3,0,0,1,1,0,0,1.8776363636363635,0,0.344563,MEDIUM-LOW,0,NO_CHURN,v1.0.0,af74b39f,2026-08-21T04:42:40.646452+00:00
60,69.34,3592.46,5,1,0,3,2,1,1,0,0,1,1.13672131147541,0,0.372253,MEDIUM-LOW,1,CHURN,v1.0.0,af74b39f,2026-08-21T04:42:40.646452+00:00
8,111.16,800.76,5,1,1,3,3,0,1,0,1,1,12.351111111111111,0,0.88405,HIGH,1,CHURN,v1.0.0,af74b39f,2026-08-21T04:42:40.646452+00:00
53,112.8,5292.4,3,3,0,2,0,0,2,1,1,1,2.088888888888889,0,0.760044,HIGH,1,CHURN,v1.0.0,af74b39f,2026-08-21T04:42:40.646452+00:00
60,36.54,1981.84,1,3,1,1,1,0,2,0,1,0,0.5990163934426229,0,0.108475,LOW,0,NO_CHURN,v1.0.0,af74b39f,2026-08-21T04:42:40.646452+00:00
5,20.23,115.43,4,2,0,2,2,3,0,0,1,1,3.3716666666666666,0,0.641161,HIGH,1,CHURN,v1.0.0,af74b39f,2026-08-21T04:42:40.646452+00:00
68,118.39,8175.49,4,3,1,1,1,2,1,0,1,0,1.7157971014492754,0,0.126576,LOW,0,NO_CHURN,v1.0.0,af74b39f,2026-08-21T04:42:40.646452+00:00
6,110.61,657.33,4,2,0,0,1,1,1,0,1,1,15.801428571428572,0,0.962597,HIGH,1,CHURN,v1.0.0,af74b39f,2026-08-21T04:42:40.646452+00:00
47,25.54,1375.09,2,2,0,1,2,0,2,1,0,1,0.5320833333333334,0,0.330656,MEDIUM-LOW,0,NO_CHURN,v1.0.0,af74b39f,2026-08-21T04:42:40.646452+00:00
55,103.3,5778.77,5,1,0,1,2,3,0,0,1,1,1.844642857142857,0,0.437602,MEDIUM-HIGH,1,CHURN,v1.0.0,af74b39f,2026-08-21T04:42:40.646452+00:00
40,65.78,2758.4,5,2,0,2,1,0,0,1,0,0,1.6043902439024391,0,0.403863,MEDIUM-HIGH,1,CHURN,v1.0.0,af74b39f,2026-08-21T04:42:40.646452+00:00
52,45.9,2266.87,5,0,0,2,2,3,0,0,0,1,0.8660377358490565,0,0.339985,MEDIUM-LOW,0,NO_CHURN,v1.0.0,af74b39f,2026-08-21T04:42:40.646452+00:00
16,107.87,1664.95,1,1,1,0,2,3,0,0,1,0,6.345294117647059,0,0.663685,HIGH,1,CHURN,v1.0.0,af74b39f,2026-08-21T04:42:40.646452+00:00
13,39.67,530.27,5,2,1,2,1,2,2,1,1,0,2.8335714285714286,0,0.35518,MEDIUM-LOW,1,CHURN,v1.0.0,af74b39f,2026-08-21T04:42:40.646452+00:00
30,114.73,2997.67,5,1,0,1,1,2,0,0,0,1,3.700967741935484,0,0.677817,HIGH,1,CHURN,v1.0.0,af74b39f,2026-08-21T04:42:40.646452+00:00
19,40.56,714.24,2,1,1,3,2,1,1,1,1,1,2.028,0,0.389884,MEDIUM-LOW,1,CHURN,v1.0.0,af74b39f,2026-08-21T04:42:40.646452+00:00
17,81.37,1257.44,3,3,1,2,1,0,2,0,0,0,4.520555555555556,0,0.679682,HIGH,1,CHURN,v1.0.0,af74b39f,2026-08-21T04:42:40.646452+00:00
63,42.31,2278.34,4,3,0,3,2,0,0,1,0,0,0.66109375,0,0.219821,MEDIUM-LOW,0,NO_CHURN,v1.0.0,af74b39f,2026-08-21T04:42:40.646452+00:00
19,74.57,1432.45,2,3,0,3,1,0,0,1,0,0,3.7284999999999995,0,0.8119,HIGH,1,CHURN,v1.0.0,af74b39f,2026-08-21T04:42:40.646452+00:00
58,88.4,5220.96,2,2,1,3,1,3,2,0,0,0,1.4983050847457628,0,0.309675,MEDIUM-LOW,0,NO_CHURN,v1.0.0,af74b39f,2026-08-21T04:42:40.646452+00:00
55,39.02,2071.52,2,4,0,2,1,1,2,0,1,1,0.6967857142857143,1,0.425368,MEDIUM-HIGH,1,CHURN,v1.0.0,af74b39f,2026-08-21T04:42:40.646452+00:00
62,72.09,4159.39,4,2,0,1,3,2,0,1,0,0,1.1442857142857144,0,0.244645,MEDIUM-LOW,0,NO_CHURN,v1.0.0,af74b39f,2026-08-21T04:42:40.646452+00:00
23,66.91,1609.04,2,2,2,3,2,2,1,0,0,1,2.7879166666666664,0,0.59502,MEDIUM-HIGH,1,CHURN,v1.0.0,af74b39f,2026-08-21T04:42:40.646452+00:00
9,27.1,217.2,3,1,1,0,2,1,2,1,0,0,2.71,0,0.35137,MEDIUM-LOW,1,CHURN,v1.0.0,af74b39f,2026-08-21T04:42:40.646452+00:00
12,101.83,1228.79,5,1,0,2,2,2,1,0,0,1,7.833076923076923,0,0.892577,HIGH,1,CHURN,v1.0.0,af74b39f,2026-08-21T04:42:40.646452+00:00
1,53.57,57.88,3,1,1,3,0,0,2,0,1,1,26.785,0,0.686846,HIGH,1,CHURN,v1.0.0,af74b39f,2026-08-21T04:42:40.646452+00:00
58,77.46,4040.13,5,1,2,3,2,3,1,0,0,0,1.3128813559322032,0,0.119056,LOW,0,NO_CHURN,v1.0.0,af74b39f,2026-08-21T04:42:40.646452+00:00
1,71.48,76.91,5,1,2,2,1,0,1,1,0,1,35.74,0,0.494654,MEDIUM-HIGH,1,CHURN,v1.0.0,af74b39f,2026-08-21T04:42:40.646452+00:00
34,71.33,2614.82,2,3,0,1,2,1,2,1,0,1,2.038,0,0.662848,HIGH,1,CHURN,v1.0.0,af74b39f,2026-08-21T04:42:40.646452+00:00
48,30.72,1279.98,2,2,0,0,2,2,0,0,0,1,0.626938775510204,0,0.350349,MEDIUM-LOW,1,CHURN,v1.0.0,af74b39f,2026-08-21T04:42:40.646452+00:00
1,62.35,53.35,4,0,1,3,0,1,1,0,0,0,31.175,0,0.687427,HIGH,1,CHURN,v1.0.0,af74b39f,2026-08-21T04:42:40.646452+00:00
16,65.24,1192.19,1,2,0,0,2,1,1,0,0,1,3.837647058823529,0,0.764583,HIGH,1,CHURN,v1.0.0,af74b39f,2026-08-21T04:42:40.646452+00:00
61,93.36,5171.35,3,1,2,2,2,2,1,1,1,0,1.5058064516129033,0,0.096894,LOW,0,NO_CHURN,v1.0.0,af74b39f,2026-08-21T04:42:40.646452+00:00
64,104.0,7299.38,4,2,0,1,1,1,0,1,1,0,1.6,0,0.35137,MEDIUM-LOW,1,CHURN,v1.0.0,af74b39f,2026-08-21T04:42:40.646452+00:00
63,74.5,4780.48,4,2,0,2,2,0,1,1,1,1,1.1640625,0,0.254567,MEDIUM-LOW,0,NO_CHURN,v1.0.0,af74b39f,2026-08-21T04:42:40.646452+00:00
69,28.68,1838.98,3,4,2,1,2,1,1,1,0,0,0.4097142857142857,1,0.021622,LOW,0,NO_CHURN,v1.0.0,af74b39f,2026-08-21T04:42:40.646452+00:00
22,43.68,854.38,3,5,0,3,2,3,0,1,1,0,1.8991304347826088,1,0.840774,HIGH,1,CHURN,v1.0.0,af74b39f,2026-08-21T04:42:40.646452+00:00
67,36.49,2442.62,5,1,0,3,0,0,1,1,1,0,0.5366176470588235,0,0.142787,LOW,0,NO_CHURN,v1.0.0,af74b39f,2026-08-21T04:42:40.646452+00:00
26,32.46,820.54,1,0,1,3,1,0,2,0,1,1,1.2022222222222223,0,0.403181,MEDIUM-HIGH,1,CHURN,v1.0.0,af74b39f,2026-08-21T04:42:40.646452+00:00
16,56.59,959.46,2,1,0,1,3,1,1,1,1,1,3.328823529411765,0,0.757124,HIGH,1,CHURN,v1.0.0,af74b39f,2026-08-21T04:42:40.646452+00:00
51,42.94,2455.43,1,4,1,2,2,0,1,1,1,1,0.8257692307692307,1,0.174065,LOW,0,NO_CHURN,v1.0.0,af74b39f,2026-08-21T04:42:40.646452+00:00
57,41.83,2602.67,1,2,0,3,2,1,1,1,1,0,0.7212068965517241,0,0.373681,MEDIUM-LOW,1,CHURN,v1.0.0,af74b39f,2026-08-21T04:42:40.646452+00:00
29,25.47,688.63,2,1,0,1,1,3,0,0,0,1,0.849,0,0.354622,MEDIUM-LOW,1,CHURN,v1.0.0,af74b39f,2026-08-21T04:42:40.646452+00:00
69,21.77,1672.66,1,1,0,3,0,1,1,0,0,0,0.311,0,0.189169,LOW,0,NO_CHURN,v1.0.0,af74b39f,2026-08-21T04:42:40.646452+00:00
47,30.28,1565.34,4,4,1,2,3,2,1,0,1,0,0.6308333333333334,1,0.124463,LOW,0,NO_CHURN,v1.0.0,af74b39f,2026-08-21T04:42:40.646452+00:00
62,37.22,2604.71,4,2,0,0,0,1,1,0,0,0,0.5907936507936508,0,0.239019,MEDIUM-LOW,0,NO_CHURN,v1.0.0,af74b39f,2026-08-21T04:42:40.646452+00:00
69,63.1,4299.79,2,1,0,0,3,0,1,0,1,0,0.9014285714285715,0,0.102181,LOW,0,NO_CHURN,v1.0.0,af74b39f,2026-08-21T04:42:40.646452+00:00
16,71.05,1228.43,2,2,2,2,0,1,2,0,1,0,4.179411764705883,0,0.694275,HIGH,1,CHURN,v1.0.0,af74b39f,2026-08-21T04:42:40.646452+00:00
48,34.06,1679.8,3,2,2,3,1,1,0,0,0,1,0.6951020408163265,0,0.247886,MEDIUM-LOW,0,NO_CHURN,v1.0.0,af74b39f,2026-08-21T04:42:40.646452+00:00
39,62.48,2298.13,3,5,1,3,1,2,2,0,1,0,1.5619999999999998,1,0.369159,MEDIUM-LOW,1,CHURN,v1.0.0,af74b39f,2026-08-21T04:42:40.646452+00:00
33,54.17,2052.95,1,3,0,0,2,2,0,1,1,0,1.593235294117647,0,0.460072,MEDIUM-HIGH,1,CHURN,v1.0.0,af74b39f,2026-08-21T04:42:40.646452+00:00
23,38.34,759.73,1,4,1,0,2,0,0,0,0,0,1.5975000000000001,1,0.44263,MEDIUM-HIGH,1,CHURN,v1.0.0,af74b39f,2026-08-21T04:42:40.646452+00:00
10,20.68,185.88,2,1,1,0,3,3,0,1,0,0,1.88,0,0.275045,MEDIUM-LOW,0,NO_CHURN,v1.0.0,af74b39f,2026-08-21T04:42:40.646452+00:00
69,66.7,5144.42,1,2,2,0,1,3,1,0,0,0,0.9528571428571428,0,0.005263,LOW,0,NO_CHURN,v1.0.0,af74b39f,2026-08-21T04:42:40.646452+00:00
34,88.57,2614.24,5,2,2,1,0,0,0,1,0,0,2.5305714285714282,0,0.230836,MEDIUM-LOW,0,NO_CHURN,v1.0.0,af74b39f,2026-08-21T04:42:40.646452+00:00
52,42.63,2473.88,4,0,2,2,2,0,2,1,1,0,0.8043396226415095,0,0.048062,LOW,0,NO_CHURN,v1.0.0,af74b39f,2026-08-21T04:42:40.646452+00:00
10,33.18,353.23,1,1,2,3,2,0,0,1,1,1,3.016363636363636,0,0.541615,MEDIUM-HIGH,1,CHURN,v1.0.0,af74b39f,2026-08-21T04:42:40.646452+00:00
19,108.7,1778.3,1,0,0,3,1,3,1,1,0,1,5.4350000000000005,0,0.909045,HIGH,1,CHURN,v1.0.0,af74b39f,2026-08-21T04:42:40.646452+00:00
58,47.5,2696.72,3,3,1,2,1,3,2,0,0,0,0.8050847457627118,0,0.207724,MEDIUM-LOW,0,NO_CHURN,v1.0.0,af74b39f,2026-08-21T04:42:40.646452+00:00
1,42.36,45.6,5,3,2,3,1,3,1,0,1,0,21.18,0,0.341812,MEDIUM-LOW,0,NO_CHURN,v1.0.0,af74b39f,2026-08-21T04:42:40.646452+00:00
69,105.71,7475.81,1,1,2,3,2,2,1,1,1,0,1.510142857142857,0,0.120018,LOW,0,NO_CHURN,v1.0.0,af74b39f,2026-08-21T04:42:40.646452+00:00
4,101.71,460.04,4,0,2,0,1,1,1,1,1,0,20.342,0,0.397847,MEDIUM-LOW,1,CHURN,v1.0.0,af74b39f,2026-08-21T04:42:40.646452+00:00
16,64.83,1151.77,1,1,1,3,2,2,1,0,1,0,3.813529411764706,0,0.711819,HIGH,1,CHURN,v1.0.0,af74b39f,2026-08-21T04:42:40.646452+00:00
24,68.92,1571.12,2,2,1,2,1,2,2,1,0,1,2.7568,0,0.542486,MEDIUM-HIGH,1,CHURN,v1.0.0,af74b39f,2026-08-21T04:42:40.646452+00:00
2,41.77,73.14,5,1,0,2,2,2,1,1,1,1,13.923333333333334,0,0.764905,HIGH,1,CHURN,v1.0.0,af74b39f,2026-08-21T04:42:40.646452+00:00
32,27.83,1009.26,1,0,1,2,1,1,2,0,0,0,0.8433333333333333,0,0.18039,LOW,0,NO_CHURN,v1.0.0,af74b39f,2026-08-21T04:42:40.646452+00:00
24,77.34,1865.86,5,2,0,3,1,3,1,0,1,1,3.0936000000000003,0,0.709061,HIGH,1,CHURN,v1.0.0,af74b39f,2026-08-21T04:42:40.646452+00:00
12,29.83,312.3,1,5,2,1,2,1,1,0,0,1,2.2946153846153843,1,0.664765,HIGH,1,CHURN,v1.0.0,af74b39f,2026-08-21T04:42:40.646452+00:00
50,64.93,3554.69,4,0,2,0,2,2,0,1,1,0,1.2731372549019608,0,0.085597,LOW,0,NO_CHURN,v1.0.0,af74b39f,2026-08-21T04:42:40.646452+00:00
35,114.05,4433.03,4,2,1,2,1,1,1,1,0,1,3.1680555555555556,0,0.51936,MEDIUM-HIGH,1,CHURN,v1.0.0,af74b39f,2026-08-21T04:42:40.646452+00:00
33,115.28,3963.48,5,3,0,1,3,3,1,1,0,1,3.3905882352941177,0,0.775161,HIGH,1,CHURN,v1.0.0,af74b39f,2026-08-21T04:42:40.646452+00:00
33,43.93,1426.97,3,2,0,3,2,2,0,0,0,0,1.2920588235294117,0,0.460072,MEDIUM-HIGH,1,CHURN,v1.0.0,af74b39f,2026-08-21T04:42:40.646452+00:00
61,82.41,5271.67,3,2,1,0,1,2,1,0,0,0,1.3291935483870967,0,0.122345,LOW,0,NO_CHURN,v1.0.0,af74b39f,2026-08-21T04:42:40.646452+00:00
51,67.41,3650.95,2,2,0,1,2,0,0,1,0,1,1.2963461538461538,0,0.441248,MEDIUM-HIGH,1,CHURN,v1.0.0,af74b39f,2026-08-21T04:42:40.646452+00:00
43,107.57,5170.83,3,2,0,3,2,3,2,0,1,1,2.4447727272727273,0,0.677442,HIGH,1,CHURN,v1.0.0,af74b39f,2026-08-21T04:42:40.646452+00:00
12,47.14,643.08,5,3,2,3,2,2,1,0,1,0,3.626153846153846,0,0.443816,MEDIUM-HIGH,1,CHURN,v1.0.0,af74b39f,2026-08-21T04:42:40.646452+00:00
67,20.37,1370.67,3,1,0,1,3,2,2,0,1,0,0.29955882352941177,0,0.039821,LOW,0,NO_CHURN,v1.0.0,af74b39f,2026-08-21T04:42:40.646452+00:00
65,36.26,2567.68,2,6,0,1,2,3,2,1,1,0,0.5493939393939393,1,0.401905,MEDIUM-HIGH,1,CHURN,v1.0.0,af74b39f,2026-08-21T04:42:40.646452+00:00
33,54.95,2066.13,1,2,1,2,1,2,0,1,1,0,1.6161764705882353,0,0.287477,MEDIUM-LOW,0,NO_CHURN,v1.0.0,af74b39f,2026-08-21T04:42:40.646452+00:00
40,51.57,1847.05,3,4,2,0,2,0,1,0,1,0,1.2578048780487805,1,0.171424,LOW,0,NO_CHURN,v1.0.0,af74b39f,2026-08-21T04:42:40.646452+00:00
43,99.14,3646.79,5,1,2,0,2,1,0,1,1,0,2.2531818181818184,0,0.099474,LOW,0,NO_CHURN,v1.0.0,af74b39f,2026-08-21T04:42:40.646452+00:00
44,88.06,4303.33,5,2,2,2,2,0,0,0,0,0,1.956888888888889,0,0.157194,LOW,0,NO_CHURN,v1.0.0,af74b39f,2026-08-21T04:42:40.646452+00:00
29,49.96,1316.27,2,1,1,0,1,1,0,0,0,0,1.6653333333333333,0,0.226314,MEDIUM-LOW,0,NO_CHURN,v1.0.0,af74b39f,2026-08-21T04:42:40.646452+00:00
13,65.77,737.7,2,2,0,0,3,0,1,1,1,1,4.697857142857143,0,0.698734,HIGH,1,CHURN,v1.0.0,af74b39f,2026-08-21T04:42:40.646452+00:00
12,29.56,318.5,4,1,2,3,2,1,1,0,0,0,2.273846153846154,0,0.344563,MEDIUM-LOW,0,NO_CHURN,v1.0.0,af74b39f,2026-08-21T04:42:40.646452+00:00
46,109.81,4875.86,4,7,0,1,2,0,0,1,0,1,2.3363829787234045,1,0.742122,HIGH,1,CHURN,v1.0.0,af74b39f,2026-08-21T04:42:40.646452+00:00
2,113.54,207.96,4,2,0,2,1,2,1,1,0,1,37.84666666666667,0,1.0,HIGH,1,CHURN,v1.0.0,af74b39f,2026-08-21T04:42:40.646452+00:00
35,117.98,3888.06,1,0,0,1,2,1,1,1,0,1,3.2772222222222225,0,0.841549,HIGH,1,CHURN,v1.0.0,af74b39f,2026-08-21T04:42:40.646452+00:00
8,106.86,976.73,5,1,2,0,1,3,1,1,1,1,11.873333333333333,0,0.582136,MEDIUM-HIGH,1,CHURN,v1.0.0,af74b39f,2026-08-21T04:42:40.646452+00:00
26,37.4,1031.92,4,4,2,0,2,3,1,1,1,0,1.385185185185185,1,0.267042,MEDIUM-LOW,0,NO_CHURN,v1.0.0,af74b39f,2026-08-21T04:42:40.646452+00:00
34,24.62,890.35,5,3,0,2,0,0,2,1,1,1,0.7034285714285714,0,0.431869,MEDIUM-HIGH,1,CHURN,v1.0.0,af74b39f,2026-08-21T04:42:40.646452+00:00
7,77.96,479.36,2,0,0,1,2,0,1,0,1,1,9.745,0,0.790999,HIGH,1,CHURN,v1.0.0,af74b39f,2026-08-21T04:42:40.646452+00:00
68,111.26,8092.51,1,1,2,3,1,0,2,1,0,0,1.6124637681159422,0,0.11154,LOW,0,NO_CHURN,v1.0.0,af74b39f,2026-08-21T04:42:40.646452+00:00
58,37.74,2345.79,2,0,0,1,2,1,1,1,1,1,0.6396610169491526,0,0.306612,MEDIUM-LOW,0,NO_CHURN,v1.0.0,af74b39f,2026-08-21T04:42:40.646452+00:00
29,20.7,629.2,5,3,1,1,2,2,1,1,0,0,0.69,0,0.243463,MEDIUM-LOW,0,NO_CHURN,v1.0.0,af74b39f,2026-08-21T04:42:40.646452+00:00
36,100.55,3324.89,4,3,0,2,0,3,0,0,1,1,2.7175675675675675,0,0.715035,HIGH,1,CHURN,v1.0.0,af74b39f,2026-08-21T04:42:40.646452+00:00
21,27.68,567.85,2,2,0,3,1,0,1,0,0,0,1.258181818181818,0,0.537368,MEDIUM-HIGH,1,CHURN,v1.0.0,af74b39f,2026-08-21T04:42:40.646452+00:00
36,61.37,2438.85,3,0,0,1,3,1,2,0,0,0,1.6586486486486485,0,0.382701,MEDIUM-LOW,1,CHURN,v1.0.0,af74b39f,2026-08-21T04:42:40.646452+00:00
10,87.89,923.76,1,2,0,1,2,1,2,0,0,1,7.99,0,0.933173,HIGH,1,CHURN,v1.0.0,af74b39f,2026-08-21T04:42:40.646452+00:00
24,43.68,1121.52,5,3,1,0,1,3,2,0,0,1,1.7472,0,0.403181,MEDIUM-HIGH,1,CHURN,v1.0.0,af74b39f,2026-08-21T04:42:40.646452+00:00
64,28.4,1865.0,4,1,2,0,3,3,0,0,1,0,0.4369230769230769,0,0.026885,LOW,0,NO_CHURN,v1.0.0,af74b39f,2026-08-21T04:42:40.646452+00:00
49,97.0,4681.22,2,3,0,3,2,2,0,0,1,1,1.94,0,0.560454,MEDIUM-HIGH,1,CHURN,v1.0.0,af74b39f,2026-08-21T04:42:40.646452+00:00
36,83.02,3220.89,1,4,2,1,1,3,1,1,0,0,2.2437837837837837,1,0.234115,MEDIUM-LOW,0,NO_CHURN,v1.0.0,af74b39f,2026-08-21T04:42:40.646452+00:00
24,118.85,2482.65,4,4,1,1,2,2,2,0,1,1,4.754,1,0.769936,HIGH,1,CHURN,v1.0.0,af74b39f,2026-08-21T04:42:40.646452+00:00
23,54.43,1316.94,2,3,0,0,1,2,0,0,1,0,2.267916666666667,0,0.427503,MEDIUM-HIGH,1,CHURN,v1.0.0,af74b39f,2026-08-21T04:42:40.646452+00:00
62,26.18,1865.0,5,3,1,3,0,1,2,1,1,0,0.41555555555555557,0,0.076618,LOW,0,NO_CHURN,v1.0.0,af74b39f,2026-08-21T04:42:40.646452+00:00
37,93.44,3747.69,3,1,1,2,2,1,1,1,0,0,2.4589473684210525,0,0.35137,MEDIUM-LOW,1,CHURN,v1.0.0,af74b39f,2026-08-21T04:42:40.646452+00:00
12,72.17,811.66,3,2,0,0,1,2,2,1,0,1,5.5515384615384615,0,0.84482,HIGH,1,CHURN,v1.0.0,af74b39f,2026-08-21T04:42:40.646452+00:00
55,41.32,2121.14,5,1,0,1,1,0,1,0,0,0,0.7378571428571429,0,0.200278,MEDIUM-LOW,0,NO_CHURN,v1.0.0,af74b39f,2026-08-21T04:42:40.646452+00:00
13,98.17,1340.27,1,2,2,2,2,2,1,1,0,0,7.012142857142857,0,0.662848,HIGH,1,CHURN,v1.0.0,af74b39f,2026-08-21T04:42:40.646452+00:00
23,40.38,1038.92,5,4,1,1,3,3,1,0,0,0,1.6825,1,0.322381,MEDIUM-LOW,0,NO_CHURN,v1.0.0,af74b39f,2026-08-21T04:42:40.646452+00:00
30,46.07,1414.3,2,0,0,1,0,2,2,1,0,0,1.4861290322580645,0,0.609235,HIGH,1,CHURN,v1.0.0,af74b39f,2026-08-21T04:42:40.646452+00:00
17,29.25,501.39,1,2,0,1,1,2,2,1,0,1,1.625,0,0.691007,HIGH,1,CHURN,v1.0.0,af74b39f,2026-08-21T04:42:40.646452+00:00
62,59.94,3337.83,3,2,0,3,2,2,2,0,0,0,0.9514285714285714,0,0.317301,MEDIUM-LOW,0,NO_CHURN,v1.0.0,af74b39f,2026-08-21T04:42:40.646452+00:00
13,61.89,856.62,2,3,0,2,2,0,0,1,0,1,4.420714285714285,0,0.830392,HIGH,1,CHURN,v1.0.0,af74b39f,2026-08-21T04:42:40.646452+00:00
59,71.46,4471.78,4,1,0,1,3,0,1,1,1,0,1.1909999999999998,0,0.295545,MEDIUM-LOW,0,NO_CHURN,v1.0.0,af74b39f,2026-08-21T04:42:40.646452+00:00
19,90.9,1968.96,4,1,0,3,0,2,2,0,0,0,4.545,0,0.723488,HIGH,1,CHURN,v1.0.0,af74b39f,2026-08-21T04:42:40.646452+00:00
49,110.61,5095.01,4,4,0,2,2,3,1,1,1,1,2.2122,1,0.561929,MEDIUM-HIGH,1,CHURN,v1.0.0,af74b39f,2026-08-21T04:42:40.646452+00:00
12,33.77,436.46,3,5,1,0,0,1,0,1,0,0,2.597692307692308,1,0.569909,MEDIUM-HIGH,1,CHURN,v1.0.0,af74b39f,2026-08-21T04:42:40.646452+00:00
61,25.43,1520.83,5,2,0,3,2,3,2,1,0,0,0.41016129032258064,0,0.230053,MEDIUM-LOW,0,NO_CHURN,v1.0.0,af74b39f,2026-08-21T04:42:40.646452+00:00
19,21.85,422.49,1,1,0,2,0,1,1,1,1,1,1.0925,0,0.614068,HIGH,1,CHURN,v1.0.0,af74b39f,2026-08-21T04:42:40.646452+00:00
9,34.36,338.62,3,2,0,1,3,3,0,0,0,1,3.436,0,0.77691,HIGH,1,CHURN,v1.0.0,af74b39f,2026-08-21T04:42:40.646452+00:00
71,85.79,5583.41,2,3,0,1,1,0,1,1,0,0,1.191527777777778,0,0.321068,MEDIUM-LOW,0,NO_CHURN,v1.0.0,af74b39f,2026-08-21T04:42:40.646452+00:00
28,92.75,2474.52,2,2,0,3,2,3,0,0,0,1,3.1982758620689653,0,0.767003,HIGH,1,CHURN,v1.0.0,af74b39f,2026-08-21T04:42:40.646452+00:00
52,98.65,5550.44,4,4,1,0,1,2,0,0,0,0,1.8613207547169812,1,0.316138,MEDIUM-LOW,0,NO_CHURN,v1.0.0,af74b39f,2026-08-21T04:42:40.646452+00:00
16,44.37,724.94,1,3,0,3,2,1,1,0,0,1,2.61,0,0.848567,HIGH,1,CHURN,v1.0.0,af74b39f,2026-08-21T04:42:40.646452+00:00
69,50.59,3063.86,4,3,0,0,2,3,1,1,1,0,0.7227142857142858,0,0.133822,LOW,0,NO_CHURN,v1.0.0,af74b39f,2026-08-21T04:42:40.646452+00:00
12,68.31,802.59,2,2,2,0,1,3,2,1,1,1,5.254615384615385,0,0.574084,MEDIUM-HIGH,1,CHURN,v1.0.0,af74b39f,2026-08-21T04:42:40.646452+00:00
25,26.32,675.06,2,4,1,3,1,3,2,1,1,0,1.0123076923076924,1,0.397142,MEDIUM-LOW,1,CHURN,v1.0.0,af74b39f,2026-08-21T04:42:40.646452+00:00
52,81.11,4736.13,5,4,0,3,0,0,2,0,1,0,1.530377358490566,1,0.548048,MEDIUM-HIGH,1,CHURN,v1.0.0,af74b39f,2026-08-21T04:42:40.646452+00:00
53,118.37,5687.49,5,2,0,3,0,0,1,1,1,0,2.192037037037037,0,0.512484,MEDIUM-HIGH,1,CHURN,v1.0.0,af74b39f,2026-08-21T04:42:40.646452+00:00
23,56.08,1408.24,5,2,2,2,1,3,1,0,1,1,2.3366666666666664,0,0.219549,MEDIUM-LOW,0,NO_CHURN,v1.0.0,af74b39f,2026-08-21T04:42:40.646452+00:00
16,95.28,1355.62,4,0,2,2,2,0,1,0,1,1,5.604705882352941,0,0.356366,MEDIUM-LOW,1,CHURN,v1.0.0,af74b39f,2026-08-21T04:42:40.646452+00:00
57,70.0,3681.63,1,1,0,3,2,3,2,1,1,0,1.206896551724138,0,0.397847,MEDIUM-LOW,1,CHURN,v1.0.0,af74b39f,2026-08-21T04:42:40.646452+00:00
39,32.78,1180.03,5,2,0,2,2,0,1,0,1,1,0.8195,0,0.296586,MEDIUM-LOW,0,NO_CHURN,v1.0.0,af74b39f,2026-08-21T04:42:40.646452+00:00
53,78.22,4615.35,3,1,0,2,0,3,1,1,0,0,1.4485185185185185,0,0.35137,MEDIUM-LOW,1,CHURN,v1.0.0,af74b39f,2026-08-21T04:42:40.646452+00:00
42,49.99,1909.9,5,4,0,0,1,2,1,1,0,1,1.1625581395348838,1,0.449481,MEDIUM-HIGH,1,CHURN,v1.0.0,af74b39f,2026-08-21T04:42:40.646452+00:00
58,23.44,1476.58,4,0,0,1,2,0,1,1,1,1,0.39728813559322035,0,0.18363,LOW,0,NO_CHURN,v1.0.0,af74b39f,2026-08-21T04:42:40.646452+00:00
39,83.49,3218.92,1,2,1,1,1,3,0,1,1,0,2.08725,0,0.295205,MEDIUM-LOW,0,NO_CHURN,v1.0.0,af74b39f,2026-08-21T04:42:40.646452+00:00
14,105.89,1704.48,5,2,0,2,1,1,2,1,1,0,7.059333333333333,0,0.756107,HIGH,1,CHURN,v1.0.0,af74b39f,2026-08-21T04:42:40.646452+00:00
5,54.48,300.09,1,4,0,0,1,2,1,1,1,1,9.08,1,0.822036,HIGH,1,CHURN,v1.0.0,af74b39f,2026-08-21T04:42:40.646452+00:00
35,59.03,2214.6,3,1,1,3,1,0,2,1,0,1,1.6397222222222223,0,0.246021,MEDIUM-LOW,0,NO_CHURN,v1.0.0,af74b39f,2026-08-21T04:42:40.646452+00:00
18,109.1,2182.25,2,4,2,0,0,3,0,0,0,1,5.742105263157894,1,0.670894,HIGH,1,CHURN,v1.0.0,af74b39f,2026-08-21T04:42:40.646452+00:00
9,101.36,948.93,1,2,0,0,2,1,1,0,1,1,10.136,0,0.965278,HIGH,1,CHURN,v1.0.0,af74b39f,2026-08-21T04:42:40.646452+00:00
58,91.5,5853.83,5,3,1,1,1,1,2,0,0,0,1.5508474576271187,0,0.284095,MEDIUM-LOW,0,NO_CHURN,v1.0.0,af74b39f,2026-08-21T04:42:40.646452+00:00
17,44.88,708.28,4,2,0,3,3,1,1,0,0,1,2.4933333333333336,0,0.683077,HIGH,1,CHURN,v1.0.0,af74b39f,2026-08-21T04:42:40.646452+00:00
7,111.02,683.36,4,1,0,1,3,2,1,0,0,1,13.8775,0,0.965278,HIGH,1,CHURN,v1.0.0,af74b39f,2026-08-21T04:42:40.646452+00:00
46,35.44,1687.01,4,1,2,2,2,2,1,0,0,1,0.7540425531914893,0,0.136575,LOW,0,NO_CHURN,v1.0.0,af74b39f,2026-08-21T04:42:40.646452+00:00
13,82.68,1053.74,4,4,0,1,1,1,1,1,1,1,5.905714285714287,1,0.752526,HIGH,1,CHURN,v1.0.0,af74b39f,2026-08-21T04:42:40.646452+00:00
40,22.88,895.01,1,2,1,0,1,2,1,1,0,0,0.5580487804878048,0,0.257476,MEDIUM-LOW,0,NO_CHURN,v1.0.0,af74b39f,2026-08-21T04:42:40.646452+00:00
42,84.37,3572.06,4,1,0,3,1,3,1,1,1,1,1.962093023255814,0,0.487359,MEDIUM-HIGH,1,CHURN,v1.0.0,af74b39f,2026-08-21T04:42:40.646452+00:00
9,47.71,411.57,2,3,0,3,1,0,2,0,0,1,4.771,0,0.899656,HIGH,1,CHURN,v1.0.0,af74b39f,2026-08-21T04:42:40.646452+00:00
50,64.97,3371.23,3,3,1,3,3,0,1,1,0,1,1.273921568627451,0,0.309405,MEDIUM-LOW,0,NO_CHURN,v1.0.0,af74b39f,2026-08-21T04:42:40.646452+00:00
27,54.53,1264.88,1,0,0,1,0,0,0,1,0,1,1.9475,0,0.671301,HIGH,1,CHURN,v1.0.0,af74b39f,2026-08-21T04:42:40.646452+00:00
66,37.28,2807.0,1,5,0,1,2,2,2,0,1,1,0.5564179104477612,1,0.441845,MEDIUM-HIGH,1,CHURN,v1.0.0,af74b39f,2026-08-21T04:42:40.646452+00:00
5,82.2,463.36,4,0,1,1,2,3,1,0,0,0,13.700000000000001,0,0.567742,MEDIUM-HIGH,1,CHURN,v1.0.0,af74b39f,2026-08-21T04:42:40.646452+00:00
29,108.2,3547.46,4,5,0,2,2,3,1,1,1,1,3.606666666666667,1,0.756107,HIGH,1,CHURN,v1.0.0,af74b39f,2026-08-21T04:42:40.646452+00:00
37,115.91,4114.93,1,1,0,1,2,2,0,1,0,0,3.0502631578947366,0,0.735957,HIGH,1,CHURN,v1.0.0,af74b39f,2026-08-21T04:42:40.646452+00:00
38,39.23,1505.18,4,2,1,2,2,2,2,0,1,0,1.0058974358974357,0,0.2414,MEDIUM-LOW,0,NO_CHURN,v1.0.0,af74b39f,2026-08-21T04:42:40.646452+00:00
8,91.74,833.88,4,4,0,1,3,3,2,1,1,0,10.193333333333333,1,0.883956,HIGH,1,CHURN,v1.0.0,af74b39f,2026-08-21T04:42:40.646452+00:00
65,86.43,6296.34,4,1,1,2,0,3,1,1,1,1,1.3095454545454546,0,0.141502,LOW,0,NO_CHURN,v1.0.0,af74b39f,2026-08-21T04:42:40.646452+00:00
17,54.34,1004.18,4,1,2,0,0,1,0,0,1,0,3.018888888888889,0,0.236874,MEDIUM-LOW,0,NO_CHURN,v1.0.0,af74b39f,2026-08-21T04:42:40.646452+00:00
71,21.91,1512.36,4,2,0,0,1,0,2,0,0,0,0.30430555555555555,0,0.122641,LOW,0,NO_CHURN,v1.0.0,af74b39f,2026-08-21T04:42:40.646452+00:00
45,88.98,4081.35,5,5,0,3,1,1,1,0,1,1,1.9343478260869567,1,0.647345,HIGH,1,CHURN,v1.0.0,af74b39f,2026-08-21T04:42:40.646452+00:00
4,114.55,498.46,5,3,1,0,1,3,2,0,0,1,22.91,0,0.864184,HIGH,1,CHURN,v1.0.0,af74b39f,2026-08-21T04:42:40.646452+00:00
36,83.21,2791.64,5,4,0,3,0,1,2,0,0,0,2.248918918918919,1,0.678224,HIGH,1,CHURN,v1.0.0,af74b39f,2026-08-21T04:42:40.646452+00:00
70,63.53,4615.75,1,1,1,2,0,0,1,0,1,0,0.8947887323943662,0,0.07744,LOW,0,NO_CHURN,v1.0.0,af74b39f,2026-08-21T04:42:40.646452+00:00
31,72.52,2469.13,3,1,0,3,2,2,2,1,1,1,2.26625,0,0.48772,MEDIUM-HIGH,1,CHURN,v1.0.0,af74b39f,2026-08-21T04:42:40.646452+00:00
19,39.96,806.55,1,6,0,0,1,1,1,1,1,1,1.998,1,0.772312,HIGH,1,CHURN,v1.0.0,af74b39f,2026-08-21T04:42:40.646452+00:00
61,95.05,5762.63,5,1,0,2,2,1,2,1,1,0,1.5330645161290322,0,0.258294,MEDIUM-LOW,0,NO_CHURN,v1.0.0,af74b39f,2026-08-21T04:42:40.646452+00:00
54,94.64,5240.39,1,1,1,3,1,2,1,1,0,0,1.7207272727272727,0,0.331771,MEDIUM-LOW,0,NO_CHURN,v1.0.0,af74b39f,2026-08-21T04:42:40.646452+00:00
